"Name","Type","HasDependents","Seq1","Seq2","Type","Module"
"account_group_master","table","N","account_group_master_seq",,"Master","Accounting"
"accounting_voucher_details","table","N",,,"Txn","Accounting"
"accounting_xml_export_import_log","table","N","accounting_xml_export_import_log_seq",,"Master","Accounting"
"hosp_voucher_types","table","N",,,"Master","Accounting"
"scheduled_export_prefs","table","N","scheduled_export_prefs_seq",,"Master","Accounting"
"action_rights","table","N",,,"Master","Admin"
"complaintslog","table","N","complaintslog_seq",,"Txn","Admin"
"hosp_allowed_certificates","table","N",,,"Master","Admin"
"modules_activated","table","N",,,"Master","Admin"
"refdcoc_charge_details","table","N",,,"Master","Admin"
"screen_group_rights","table","N",,,"Master","Admin"
"screen_rights","table","N",,,"Master","Admin"
"u_role","table","N",,,"Master","Admin"
"u_user","table","N",,,"Master","Admin"
"unique_number","table","N",,,"Master","Admin"
"url_action_rights","table","N",,,"Master","Admin"
"admission","table","N",,,"Txn","ADT"
"baby_details","table","N",,,"Txn","ADT"
"bed_details","table","N",,,"Master","ADT"
"bed_names","table","N","bedid_sequence",,"Master","ADT"
"bed_operation_schedule","table","N","ip_operation_sequence",,"Txn","ADT"
"icu_bed_charges","table","N",,,"Master","ADT"
"ip_bed_details","table","N","ip_admission_sequence",,"Txn","ADT"
"ip_preferences","table","N",,,"Master","ADT"
"ward_names","table","N",,,"Master","ADT"
"ambulance_master","table","N","ambulance_master_seq",,"Master","Ambulance"
"assert_complaint_master","table","N","assert_complaint_master_seq",,"Master","Asset"
"assert_complaint_master_bkp","table","N",,,"Master","Asset"
"asset_maintenance_activity","table","N","asset_maintenance_activity_seq",,"Txn","Asset"
"asset_maintenance_activity_item","table","N","asset_maintenance_activity_item_seq",,"Txn","Asset"
"asset_maintenance_master","table","N","asset_maintenance_master_seq",,"Txn","Asset"
"common_order_seq","sequence","N",,,"Txn","Billing"
"bank_master","table","N","bank_master_seq",,"Master","Billing"
"bill","table","N","*hosp_id_patterns",,"Txn","Billing"
"bill_account_heads","table","N","bill_account_heads_seq",,"Master","Billing"
"bill_activity_charge","table","N",,,"Txn","Billing"
"bill_audit_log","table","N",,,"Txn","Billing"
"bill_available_templates","table","N",,,"Master","Billing"
"bill_charge","table","N","chargeid_sequence",,"Txn","Billing"
"bill_charge_audit_log","table","N",,,"Txn","Billing"
"bill_dashboard_heads","table","N",,,"Master","Billing"
"bill_dashboard_topn","table","N",,,"Master","Billing"
"bill_label_master","table","N","bill_label_master_seq",,"Master","Billing"
"bill_print_template","table","N",,,"Master","Billing"
"bill_receipts","table","N","*hosp_id_patterns",,"Txn","Billing"
"bill_receipts_audit_log","table","N",,,"Txn","Billing"
"card_type_master","table","N","card_type_master_seq",,"Master","Billing"
"chargegroup_constants","table","N",,,"Master","Billing"
"chargehead_constants","table","N",,,"Master","Billing"
"counters","table","N",,,"Master","Billing"
"deposit_receipt_refund_template","table","N",,,"Master","Billing"
"deposit_setoff_total","table","N",,,"Txn","Billing"
"deposits_audit_log","table","N",,,"Txn","Billing"
"discount_authorizer","table","N","discount_authorizer_seq",,"Master","Billing"
"dyna_package_category","table","N","dyna_package_category_seq",,"Master","Billing"
"dyna_package_category_limits","table","N",,,"Master","Billing"
"dyna_package_category_limits_audit_log","table","N",,,"Master","Billing"
"dyna_package_category_limits_backup","table","N",,,"Master","Billing"
"dyna_package_charges","table","N",,,"Master","Billing"
"dyna_package_charges_audit_log","table","N",,,"Master","Billing"
"dyna_package_charges_backup","table","N",,,"Master","Billing"
"dyna_package_rules","table","N","dyna_package_rules_seq",,"Master","Billing"
"equipment_prescribed","table","N","equipment_prescribed_seq",,"Txn","Billing"
"estimate_bill","table","N","estimate_bill_sequence",,"Txn","Billing"
"estimate_charge","table","N","estimate_charge_seq",,"Txn","Billing"
"estimate_header","table","N","estimate_id_sequence",,"Txn","Billing"
"foreign_currency","table","N","foreign_currency_seq",,"Master","Billing"
"hosp_accounting_prefs","table","N",,,"Master","Billing"
"hosp_bill_audit_seq_prefs","table","N",,,"Master","Billing"
"hosp_bill_seq_prefs","table","N",,,"Master","Billing"
"hosp_direct_bill_prefs","table","N",,,"Master","Billing"
"hosp_party_account_names","table","N",,,"Master","Billing"
"hosp_receipt_seq_prefs","table","N",,,"Master","Billing"
"hosp_special_account_names","table","N",,,"Master","Billing"
"obsolete_dyna_package_master_charges","table","N",,,"Master","Billing"
"obsolete_dyna_package_master_charges_backup","table","N",,,"Master","Billing"
"obsolete_medication_order_details","table","N","medication_order_details_seq",,"Master","Billing"
"obsolete_medication_order_main","table","N","medication_order_main_seq",,"Master","Billing"
"obsolete_patient_doctor_instructions","table","N","patient_doctor_instructions_seq",,"Master","Billing"
"obsolete_vitals_schedule","table","N",,,"Master","Billing"
"package_prescribed","table","N","package_prescribed_sequence",,"Txn","Billing"
"patient_deposits","table","N","deposit_collect_sequence","deposit_refund_sequence","Txn","Billing"
"patient_diet_prescriptions","table","N","patient_diet_prescriptions_seq",,"Txn","Billing"
"patient_visit_bills_template","table","N",,,"Master","Billing"
"payment_mode_master","table","N","payment_mode_master_seq",,"Master","Billing"
"receipt_refund_print_template","table","N",,,"Master","Billing"
"reward_points_earnings","table","N","reward_points_earnings_seq",,"Txn","Billing"
"reward_points_status","table","N",,,"Txn","Billing"
"service_groups","table","N","service_groups_seq",,"Master","Billing"
"service_sub_groups","table","N","service_sub_groups_seq",,"Master","Billing"
"services_prescribed","table","N","service_prescribed",,"Txn","Billing"
"sponsor_procedure_limit","table","N","sponsor_procedure_limit_seq",,"Master","Billing"
"clinical_blood_transfusions","table","N","clinical_blood_transfusions_seq",,"Txn","Clinical"
"clinical_dial_adeq_values","table","N",,,"Master","Clinical"
"clinical_hospitalization","table","N","clinical_hospitalization_seq",,"Txn","Clinical"
"clinical_hospitalization_details","table","N","clinical_hospitalization_details_seq",,"Txn","Clinical"
"clinical_hospitalization_reasons","table","N","clinical_hospitalization_reasons_seq",,"Master","Clinical"
"clinical_infection_antibiotic_log","table","N","clinical_infection_antibiotic_log_seq",,"Txn","Clinical"
"clinical_infection_site_master","table","N","clinical_infection_site_master_seq",,"Master","Clinical"
"clinical_infections","table","N","clinical_infections_seq",,"Txn","Clinical"
"clinical_infections_master","table","N","clinical_infections_master_seq",,"Master","Clinical"
"clinical_infections_recorded","table","N","clinical_infections_recorded_seq",,"Txn","Clinical"
"clinical_lab_recorded","table","N","clinical_lab_recorded_seq",,"Txn","Clinical"
"clinical_lab_result","table","N","clinical_lab_values_seq",,"Master","Clinical"
"clinical_lab_values","table","N",,,"Txn","Clinical"
"clinical_transfusion_details","table","N","clinical_transfusion_details_seq",,"Txn","Clinical"
"clinical_vacc_no_reason","table","N","clinical_vacc_no_reason_seq",,"Master","Clinical"
"clinical_vaccination","table","N","clinical_vaccination_seq",,"Txn","Clinical"
"clinical_vaccinations_details","table","N","clinical_vaccinations_details_seq",,"Txn","Clinical"
"clinical_vaccinations_master","table","N","clinical_vaccinations_master_seq",,"Master","Clinical"
"hospital_technical","table","N","hospital_technical_seq",,"Master","Clinical"
"score_card_details","table","N",,,"Txn","Clinical"
"score_card_main","table","N","score_card_main_seq",,"Txn","Clinical"
"visit_vitals","table","Y","visit_vitals_seq",,"Txn","Clinical"
"vital_parameter_master","table","N","vital_parameter_master_seq",,"Master","Clinical"
"vital_reading","table","N",,,"Txn","Clinical"
"audit_logid_sequence","sequence","N",,,"Txn","Common"
"bar_code_print_templates","table","N",,,"Master","Common"
"category_type_master","table","N","category_type_master_seq",,"Master","Common"
"common_print_templates","table","N",,,"Master","Common"
"consumables_master","table","N",,,"Master","Common"
"custom_report_variables","table","N",,,"Master","Common"
"custom_reports","table","N","cust_rpt_seq",,"Master","Common"
"department","table","N",,,"Master","Common"
"department_type_master","table","N",,,"Master","Common"
"dept_unit_master","table","N","dept_unit_master_seq",,"Master","Common"
"doc_hosp_images","table","N","doc_hosp_images_seq",,"Master","Common"
"doc_hvf_template_fields","table","N","doc_hvf_template_fields_seq",,"Master","Common"
"doc_hvf_templates","table","N","doc_hvf_templates_seq",,"Master","Common"
"doc_patient_header_templates","table","N","doc_patient_header_templates_seq",,"Master","Common"
"doc_pdf_form_templates","table","N","doc_pdf_form_templates_seq",,"Master","Common"
"doc_pdf_template_ext_fields","table","N","doc_pdf_template_ext_fields_seq",,"Master","Common"
"doc_rich_templates","table","N","doc_rich_templates_seq",,"Master","Common"
"doc_rtf_templates","table","N","doc_rtf_templates_seq",,"Master","Common"
"doc_type","table","N",,,"Master","Common"
"doctor_images","table","N",,,"Master","Common"
"email_category_master","table","N",,,"Master","Common"
"email_template","table","N",,,"Master","Common"
"emailable_reports_config","table","N","emailable_reports_config_seq",,"Master","Common"
"favourite_report_rights","table","N",,,"Master","Common"
"generic_preferences","table","N",,,"Master","Common"
"hosp_id_patterns","table","N",,,"Master","Common"
"hosp_print_master","table","N",,,"Master","Common"
"hosp_print_master_files","table","N",,,"Master","Common"
"hvf_print_template","table","N",,,"Master","Common"
"location_master","table","N","location_master_seq",,"Master","Common"
"patient_documents","table","N","patient_documents_seq",,"Txn","Common"
"patient_general_docs","table","N","patient_general_docs_seq",,"Txn","Common"
"patient_general_docs_audit_log","table","N",,,"Txn","Common"
"patient_general_images","table","N","patient_general_images_seq",,"Txn","Common"
"patient_hvf_doc_images","table","N","patient_hvf_doc_images_seq",,"Master","Common"
"patient_hvf_doc_values","table","N","patient_hvf_doc_values_seq",,"Txn","Common"
"patient_pdf_doc_images","table","N","patient_pdf_doc_images_seq",,"Master","Common"
"patient_pdf_form_doc_values","table","N",,,"Txn","Common"
"patient_pdf_form_doc_values_audit_log","table","N",,,"Txn","Common"
"print_templates","table","N",,,"Master","Common"
"printer_definition","table","N","printer_definition_seq",,"Master","Common"
"search_parameters","table","N","search_parameters_seq",,"Master","Common"
"services_departments","table","N",,,"Master","Common"
"user_images","table","N",,,"Master","Common"
"assessment_components","table","N","assessment_components_seq",,"Master","Consultation"
"consultation_em_calculation","table","N",,,"Master","Consultation"
"form_components","table","N","form_components_seq",,"Master","Consultation"
"consultation_token","table","N",,,"Master","Consultation"
"doctor_consult_images","table","N","doctor_consult_images_seq",,"Txn","Consultation"
"doctor_consultation","table","N","doctor_consultation_sequence",,"Txn","Consultation"
"doctor_medicine_favourites","table","N","doctor_medicine_favourites_seq",,"Master","Consultation"
"doctor_operation_favourites","table","N","doctor_operation_favourites_seq",,"Master","Consultation"
"doctor_other_favourites","table","N","doctor_other_favourites_seq",,"Master","Consultation"
"doctor_other_medicine_favourites","table","N","doctor_other_medicine_favourites_seq",,"Master","Consultation"
"doctor_prescription","table","N",,,"Txn","Consultation"
"doctor_service_favourites","table","N","doctor_service_favourites_seq",,"Master","Consultation"
"doctor_test_favourites","table","N","doctor_test_favourites_seq",,"Master","Consultation"
"follow_up_details","table","N",,,"Txn","Consultation"
"item_form_master","table","N","item_form_master_seq",,"Master","Consultation"
"medicine_route","table","N","medicine_route_seq",,"Master","Consultation"
"medicine_type","table","N",,,"Master","Consultation"
"outpatient_docs","table","N",,,"Txn","Consultation"
"patient_activities","table","N","patient_activities_seq",,"Txn","Consultation"
"patient_consultation_field_values","table","N","patient_consultation_field_values_seq","patient_consultation_template_seq","Txn","Consultation"
"patient_consultation_prescriptions","table","N","patient_consultation_prescriptions_seq",,"Txn","Consultation"
"patient_medicine_prescriptions","table","N","patient_medicine_prescriptions_seq",,"Txn","Consultation"
"patient_operation_prescriptions","table","N","patient_operation_prescriptions_seq",,"Txn","Consultation"
"patient_other_medicine_prescriptions","table","N","patient_other_medicine_prescriptions_seq",,"Txn","Consultation"
"patient_other_prescriptions","table","N","patient_other_prescriptions_seq",,"Txn","Consultation"
"patient_section_image_details","table","N",,,"Txn","Consultation"
"patient_section_values","table","N",,,"Txn","Consultation"
"patient_service_prescriptions","table","N","patient_service_prescriptions_seq",,"Txn","Consultation"
"patient_test_prescriptions","table","N","patient_test_prescriptions_seq",,"Txn","Consultation"
"patient_treatment","table","N",,,"Txn","Consultation"
"section_master","table","N","section_master_seq",,"Master","Consultation"
"section_field_desc","table","N","section_field_desc_seq",,"Master","Consultation"
"section_field_options","table","N","section_field_options_seq",,"Master","Consultation"
"prescription_label_print_template","table","N",,,"Master","Consultation"
"prescription_print_template","table","N",,,"Master","Consultation"
"recurrence_daily_master","table","N","recurrence_daily_master_seq",,"Master","Consultation"
"triage_components","table","N","triage_components_seq",,"Master","Consultation"
"crown_status_master","table","N","crown_status_master_seq",,"Master","Dental"
"dental_shades_master","table","N","dental_shades_master_seq",,"Master","Dental"
"dental_supplier_item_rate_master","table","N","dental_supplier_item_rate_master_seq",,"Master","Dental"
"dental_supplier_master","table","N","dental_supplier_master_seq",,"Master","Dental"
"dental_supplies_items","table","N","dental_supplies_items_seq",,"Txn","Dental"
"dental_supplies_master","table","N","dental_supplies_master_seq",,"Master","Dental"
"dental_supplies_order","table","N","dental_supplies_order_seq",,"Txn","Dental"
"patient_dental_condition_details","table","N",,,"Txn","Dental"
"patient_dental_condition_main","table","N","patient_dental_condition_main_seq",,"Txn","Dental"
"tooth_root_status","table","N","tooth_root_status_seq",,"Txn","Dental"
"tooth_surface_material_master","table","N","tooth_surface_material_master_seq",,"Master","Dental"
"tooth_surface_option_master","table","N","tooth_surface_option_master_seq",,"Master","Dental"
"tooth_surface_status_master","table","N","tooth_surface_status_master_seq",,"Master","Dental"
"tooth_treatment_details","table","N","tooth_treatment_details_seq",,"Txn","Dental"
"labno_seq","sequence","N",,,"Txn","Diagnostics"
"radno_seq","sequence","N",,,"Txn","Diagnostics"
"center_outsources","table","N",,,"Master","Diagnostics"
"diag_test_timestamp","table","N",,,"Master","Diagnostics"
"diagnostic_charges","table","N",,,"Master","Diagnostics"
"diagnostic_charges_audit_log","table","N",,,"Master","Diagnostics"
"diagnostic_charges_backup","table","N",,,"Master","Diagnostics"
"diagnostic_department_stores","table","N",,,"Master","Diagnostics"
"diagnostic_outhouse_print_template","table","N",,,"Master","Diagnostics"
"diagnostic_reagent_usage","table","N","diagnostic_reagent_usage_seq",,"Txn","Diagnostics"
"diagnostics","table","N",,,"Master","Diagnostics"
"diagnostics_audit_log","table","N",,,"Txn","Diagnostics"
"diagnostics_departments","table","N",,,"Master","Diagnostics"
"diagnostics_reagents","table","N",,,"Master","Diagnostics"
"equipment_test_conducted","table","N","equipment_test_conducted_seq",,"Txn","Diagnostics"
"equipment_test_conducted","table","N",,,"Txn","Diagnostics"
"equipment_test_result","table","N",,,"Master","Diagnostics"
"equipment_test_values","table","N",,,"Txn","Diagnostics"
"histo_impression_master","table","N","histo_impression_master_seq",,"Master","Diagnostics"
"incoming_hospitals","table","N","incoming_hospitals_seq",,"Master","Diagnostics"
"micro_abst_antibiotic_master","table","N",,,"Master","Diagnostics"
"micro_abst_orggr","table","N","micro_abst_orggr_seq",,"Master","Diagnostics"
"micro_abst_panel_master","table","N","micro_abst_panel_master_seq",,"Master","Diagnostics"
"micro_antibiotic_master","table","N","micro_antibiotic_master_seq",,"Master","Diagnostics"
"micro_growth_template_master","table","N","micro_growth_template_master_seq",,"Master","Diagnostics"
"micro_nogrowth_template_master","table","N","micro_nogrowth_template_master_seq",,"Master","Diagnostics"
"micro_org_group_master","table","N","micro_org_group_master_seq",,"Master","Diagnostics"
"micro_organism_master","table","N","micro_organism_master_seq",,"Master","Diagnostics"
"obsolete_test_report_images","table","N",,,"Txn","Diagnostics"
"oh_sample_registration","table","N",,,"Txn","Diagnostics"
"ohmaster_detail","table","N",,,"Master","Diagnostics"
"outhouse_master","table","N","outhouseid_sequence",,"Master","Diagnostics"
"outsource_sample_details","table","N",,,"Txn","Diagnostics"
"prescribed_tests_master","table","N",,,"Master","Diagnostics"
"sample_bar_code_print_templates","table","N",,,"Master","Diagnostics"
"sample_collection","table","N","sample_collection_seq",,"Txn","Diagnostics"
"sample_collection_audit_log","table","N",,,"Txn","Diagnostics"
"sample_collection_centers","table","N","sample_collection_centers_seq",,"Master","Diagnostics"
"sample_sources","table","N","sample_sources_seq",,"Master","Diagnostics"
"sample_type","table","N","sample_type_seq",,"Master","Diagnostics"
"test_cytology_results","table","N","test_cytology_results_seq",,"Txn","Diagnostics"
"test_dept_tokens","table","N",,,"Txn","Diagnostics"
"test_details","table","N","test_details_seq",,"Txn","Diagnostics"
"test_details_audit_log","table","N",,,"Txn","Diagnostics"
"test_documents","table","N",,,"Txn","Diagnostics"
"test_equipment_master","table","N","test_equipment_master_seq",,"Master","Diagnostics"
"test_format","table","N",,,"Master","Diagnostics"
"test_histopathology_results","table","N","test_histopathology_results_seq",,"Txn","Diagnostics"
"test_images","table","N",,,"Txn","Diagnostics"
"test_micro_antibiotic_details","table","N","test_micro_antibiotic_details_seq",,"Txn","Diagnostics"
"test_micro_org_group_details","table","N","test_micro_org_group_details_seq",,"Txn","Diagnostics"
"test_microbiology_results","table","N","test_microbiology_results_seq",,"Txn","Diagnostics"
"test_org_details","table","N",,,"Master","Diagnostics"
"test_payment_master","table","N","test_payment_master_seq",,"Master","Diagnostics"
"test_result_ranges","table","N","test_result_ranges_seq",,"Master","Diagnostics"
"test_results_master","table","N","resultlabel_seq",,"Master","Diagnostics"
"test_template_master","table","N",,,"Master","Diagnostics"
"test_units","table","N",,,"Master","Diagnostics"
"test_visit_report_signatures","table","N",,,"Txn","Diagnostics"
"test_visit_reports","table","N","test_report_sequence",,"Txn","Diagnostics"
"test_visit_reports_audit_log","table","N",,,"Txn","Diagnostics"
"tests_conducted","table","N",,,"Txn","Diagnostics"
"tests_conducted_audit_log","table","N",,,"Txn","Diagnostics"
"tests_prescribed","table","N","test_prescribed",,"Txn","Diagnostics"
"tests_prescribed_audit_log","table","N",,,"Txn","Diagnostics"
"dialysate_type","table","N","dialysate_type_seq",,"Master","Dialysis"
"dialysis_access_sites","table","N","dialysis_access_sites_seq",,"Master","Dialysis"
"dialysis_access_types","table","N","dialysis_access_types_seq",,"Master","Dialysis"
"dialysis_machine_master","table","N","dialysis_machine_master_seq",,"Master","Dialysis"
"dialysis_machine_status","table","N",,,"Master","Dialysis"
"dialysis_patient_drugs","table","N","dialysis_patient_drugs_seq",,"Txn","Dialysis"
"dialysis_prep_master","table","N","dialysis_prep_master_seq",,"Master","Dialysis"
"dialysis_prep_values","table","N",,,"Txn","Dialysis"
"dialysis_prescriptions","table","N","dialysis_prescriptions_seq",,"Txn","Dialysis"
"dialysis_prescriptions_audit_log","table","N",,,"Txn","Dialysis"
"dialysis_session","table","N",,,"Txn","Dialysis"
"dialysis_session_incidents","table","N","dialysis_session_incidents_seq",,"Txn","Dialysis"
"dialysis_session_notes","table","N","dialysis_session_notes_seq",,"Txn","Dialysis"
"dialysis_session_parameters","table","N","dialysis_session_parameters_seq",,"Txn","Dialysis"
"dialyzer_ratings","table","N","dialyzer_ratings_seq",,"Master","Dialysis"
"dialyzer_types","table","N","dialyzer_types_seq",,"Master","Dialysis"
"drugs_administered","table","N","drugs_administered_seq",,"Txn","Dialysis"
"permanent_access_types","table","N","permanent_access_types_seq",,"Master","Dialysis"
"progress_notes","table","N","progress_notes_seq",,"Txn","Dialysis"
"temporary_access_types","table","N","temporary_access_types_seq",,"Master","Dialysis"
"treatment_chart","table","N","treatment_chart_seq",,"Txn","Dialysis"
"diet_chart_documents","table","N",,,"Master","Dietary"
"diet_constituents","table","N",,,"Master","Dietary"
"diet_master","table","N","diet_master_seq",,"Master","Dietary"
"diet_prescribed","table","N","diet_prescribed_seq",,"Txn","Dietary"
"surveydata_answers","table","N",,,"Txn","Feedback"
"surveydata_visit_info","table","N",,,"Txn","Feedback"
"surveyform_general_info","table","N",,,"Txn","Feedback"
"surveyform_header_questions","table","N","surveyform_header_questions_seq",,"Master","Feedback"
"surveyform_rating_scale_desc","table","N",,,"Master","Feedback"
"surveyform_summary_questions","table","N","surveyform_summary_questions_seq",,"Master","Feedback"
"surveyform_topic_questions","table","N","surveyform_topic_questions_seq",,"Master","Feedback"
"hl7_msgid_sequence","sequence","N",,,"Txn","HL7"
"hl7_export_items","table","N","hl7_export_items_seq",,"Master","HL7"
"hl7_lab_interfaces","table","N",,,"Master","HL7"
"hl7_result_codes","table","N",,,"Master","HL7"
"hosp_hl7_prefs","table","N",,,"Master","HL7"
"bill_national_claim_seq","sequence","N",,,"Txn","Insurance"
"insurance_claim_payers_reference_no_seq","sequence","N",,,"Txn","Insurance"
"corporate_docs_details","table","N",,,"Txn","Insurance"
"drg_codes_master","table","N",,,"Master","Insurance"
"encounter_end_types","table","N",,,"Master","Insurance"
"encounter_start_types","table","N",,,"Master","Insurance"
"encounter_type_codes","table","N",,,"Master","Insurance"
"insurance_category_master","table","N","insurance_category_master_seq",,"Master","Insurance"
"insurance_claim","table","N","insurance_claim_seq",,"Txn","Insurance"
"insurance_claim_docs","table","N",,,"Txn","Insurance"
"insurance_claim_receipt","table","N","insurance_claim_receipt_seq",,"Txn","Insurance"
"obsolete_insurance_claim_resubmission","table","N",,,"Txn","Insurance"
"insurance_claim_template","table","N","insurance_claim_template_seq",,"Master","Insurance"
"insurance_company_master","table","N",,,"Master","Insurance"
"insurance_company_tpa_master","table","N",,,"Master","Insurance"
"insurance_denial_code_types","table","N",,,"Master","Insurance"
"insurance_denial_codes","table","N",,,"Master","Insurance"
"insurance_payment_allocation","table","N",,,"Txn","Insurance"
"insurance_payment_unalloc_amount","table","N","insurance_payment_unalloc_amount_seq",,"Txn","Insurance"
"insurance_plan_details","table","N",,,"Master","Insurance"
"insurance_plan_main","table","N","insurance_plan_main_seq",,"Master","Insurance"
"insurance_remittance","table","N","insurance_remittance_seq",,"Txn","Insurance"
"insurance_submission_batch","table","N","insurance_submission_batch_seq",,"Txn","Insurance"
"item_insurance_categories","table","N","item_insurance_categories_seq",,"Master","Insurance"
"national_sponsor_docs_details","table","N",,,"Txn","Insurance"
"patient_corporate_details","table","N","patient_corporate_id_seq",,"Txn","Insurance"
"patient_national_sponsor_details","table","N","patient_national_sponsor_id_seq",,"Txn","Insurance"
"patient_policy_details","table","N","patient_policy_details_patient_policy_id_seq",,"Txn","Insurance"
"plan_docs_details","table","N",,,"Txn","Insurance"
"prior_auth_modes","table","N","prior_auth_modes_prior_auth_mode_id_seq",,"Master","Insurance"
"tpa_forms_pdf","table","N","tpa_forms_pdf_seq",,"Master","Insurance"
"tpa_master","table","N",,,"Master","Insurance"
"operation_doc_templates_master","table","N",,,"Master","IP Services"
"operation_documents","table","N",,,"Txn","IP Services"
"operation_master","table","N",,,"Master","IP Services"
"operation_master_audit_log","table","N",,,"Master","IP Services"
"operation_org_details","table","N",,,"Master","IP Services"
"operation_report","table","N",,,"Txn","IP Services"
"operation_reports","table","N","operation_reports_seq",,"Txn","IP Services"
"operation_schedule","table","N",,,"Txn","IP Services"
"ot_activities","table","N","ot_activities_sequence",,"Txn","IP Services"
"ot_consumable_usage","table","N","ot_consumable_usage_seq",,"Txn","IP Services"
"ot_consumables","table","N",,,"Txn","IP Services"
"other_services_prescribed","table","N","ip_other_services_sequence",,"Txn","IP Services"
"prescribed_services_master","table","N",,,"Master","IP Services"
"service_consumable_usage","table","N","service_consumable_usage_seq",,"Txn","IP Services"
"service_consumables","table","N",,,"Txn","IP Services"
"service_documents","table","N",,,"Txn","IP Services"
"service_reports","table","N",,,"Txn","IP Services"
"service_units","table","N",,,"Master","IP Services"
"ivf_compl_oocyte","table","N",,,"Txn","IVF"
"ivf_compl_oocyte_assess","table","N",,,"Txn","IVF"
"ivf_comple_embryo_inf","table","N","ivf_comple_embryo_inf_seq",,"Txn","IVF"
"ivf_cycle","table","N","ivf_cycle_seq",,"Txn","IVF"
"ivf_cycle_allergies","table","N",,,"Txn","IVF"
"ivf_daily_details","table","N","ivf_daily_details_seq",,"Txn","IVF"
"ivf_daily_follicles","table","N",,,"Txn","IVF"
"ivf_daily_hormone_results","table","N",,,"Txn","IVF"
"ivf_daily_prescription","table","N",,,"Txn","IVF"
"ivf_donor_details","table","N",,,"Txn","IVF"
"ivf_donor_header","table","N",,,"Txn","IVF"
"ivf_luteal_hormone_levels","table","N",,,"Txn","IVF"
"ivf_luteal_prescriptions","table","N",,,"Txn","IVF"
"linen_usage_details","table","N",,,"Txn","Linen"
"linen_usage_main","table","N","linen_usage_master_seq",,"Txn","Linen"
"linen_user_category","table","N","linen_user_category_seq",,"Master","Linen"
"linen_user_master","table","N","linen_user_master_seq",,"Master","Linen"
"contract_type_master","table","N","contract_type_master_seq",,"Master","Maint & Contracts"
"contractor_master","table","N","contractor_master_seq",,"Master","Maint & Contracts"
"contracts","table","N","contracts_seq",,"Txn","Maint & Contracts"
"fixed_asset_master","table","N","fixed_asset_master_seq",,"Master","Maint & Contracts"
"fixed_asset_master_bkp","table","N",,,"Master","Maint & Contracts"
"fixed_asset_uploads","table","N","fixed_asset_uploads_seq",,"Master","Maint & Contracts"
"license_type_master","table","N","license_type_master_seq",,"Master","Maint & Contracts"
"licenses","table","N","licenses_seq",,"Txn","Maint & Contracts"
"message_attachments","table","N","message_attachments_seq",,"Master","Messaging"
"message_category","table","N","message_category_seq",,"Master","Messaging"
"message_config","table","N","message_config_seq",,"Master","Messaging"
"message_dispatcher_config","table","N",,,"Master","Messaging"
"message_events","table","N",,,"Master","Messaging"
"message_log_attachments","table","N","message_log_attachments_seq",,"Txn","Messaging"
"message_log","table","N","message_log_seq",,"Txn","Messaging"
"message_types","table","N",,,"Master","Messaging"
"image_markers","table","N","image_markers_seq",,"Master","MRD"
"mrd_casefile_attributes","table","N","mrd_casefile_issue_id_seq",,"Txn","MRD"
"mrd_casefile_indent","table","N","mrd_casefile_indent_id_seq",,"Txn","MRD"
"mrd_casefile_issuelog","table","N",,,"Txn","MRD"
"mrd_casefile_users","table","N","mrd_casefile_users_seq",,"Master","MRD"
"mrd_codes_master","table","N",,,"Master","MRD"
"mrd_diagnosis","table","N","mrd_diagnosis_seq",,"Txn","MRD"
"mrd_icdcodes_cm","table","N",,,"Master","MRD"
"mrd_observations","table","N","mrd_observations_observation_id_seq",,"Txn","MRD"
"mrd_supported_code_categories","table","N",,,"Master","MRD"
"mrd_supported_code_types","table","N",,,"Master","MRD"
"mrd_supported_codes","table","N",,,"Master","MRD"
"network_sync_status","table","N",,,"Txn","Network"
"bill_approvals","table","N","approval_id_sequence",,"Txn","Obsolete"
"bill_charge_item_account","table","N",,,"Master","Obsolete"
"bill_sponsor","table","N","sponsor_bill_default",,"Txn","Obsolete"
"bill_sponsor_receipts","table","N","sponsor_consolidated_receipt_default",,"Txn","Obsolete"
"docs_upload","table","N",,,"Master","Obsolete"
"fields","table","N","fields_seq",,"Master","Obsolete"
"form_header","table","N","form_header_seq",,"Master","Obsolete"
"medical_fileupload","table","N",,,"Txn","Obsolete"
"patient_history","table","N",,,"Txn","Obsolete"
"patient_package_details","table","N",,,"Txn","Obsolete"
"service_payment_master","table","N","service_payment_master_seq",,"Master","Obsolete"
"insurance_case","table","N","insurance_case_seq",,"Txn","Old Insurance"
"insurance_docs","table","N","insurance_docs_seq",,"Txn","Old Insurance"
"insurance_estimate","table","N","estimate_chargeid_sequence",,"Txn","Old Insurance"
"insurance_preauth","table","N","insurance_preauth_seq",,"Txn","Old Insurance"
"insurance_preauth_values","table","N",,,"Txn","Old Insurance"
"insurance_status","table","N",,,"Master","Old Insurance"
"insurance_tpa_docs","table","N","insurance_tpa_docs_seq",,"Txn","Old Insurance"
"insurance_transaction","table","N","insurance_transaction_seq",,"Txn","Old Insurance"
"insurance_transaction_attachments","table","N","insurance_transaction_attachments_seq",,"Txn","Old Insurance"
"patient_insurance_details","table","N",,,"Txn","Old Insurance"
"minio_sse","table","N","Master","Common"
"doctor_consultation_favourites","table","N","doctor_consultation_favourites_seq",,"Master","Ophthalmology"
"eye_test_attrib_master","table","N","eye_test_attrib_master_sequence",,"Master","Ophthalmology"
"eye_test_master","table","N","eye_test_master_sequence",,"Master","Ophthalmology"
"opthal_doctor_exam_main","table","N","opthal_doctor_exam_main_seq",,"Txn","Ophthalmology"
"opthal_doctor_fundus_exam","table","N","opthal_doctor_fundus_exam_seq",,"Txn","Ophthalmology"
"opthal_doctor_lens_exam","table","N","opthal_doctor_lens_exam_seq",,"Txn","Ophthalmology"
"opthal_doctor_overall_exam","table","N","opthal_doctor_overall_exam_seq",,"Txn","Ophthalmology"
"opthal_test_attributes","table","N","opthal_test_attributes_sequence",,"Txn","Ophthalmology"
"opthal_test_details","table","N","opthal_test_details_seq",,"Txn","Ophthalmology"
"opthal_test_main","table","N","opthal_test_main_seq",,"Txn","Ophthalmology"
"patient_eye_history","table","N",,,"Txn","Ophthalmology"
"misc_payees","table","N",,,"Master","Payments"
"payment_rules","table","N","payment_rules_seq",,"Master","Payments"
"payment_rules_audit_log","table","N",,,"Master","Payments"
"payments","table","N","reversal_voucher_sequence","voucher_sequence","Txn","Payments"
"payments_audit_log","table","N",,,"Txn","Payments"
"payments_details","table","N","payments_sequence",,"Txn","Payments"
"payments_details_audit_log","table","N",,,"Txn","Payments"
"anesthesia_charges_backup","table","N",,,"Master","Rate"
"anesthesia_master","table","N",,,"Master","Rate"
"anesthesia_type_charges","table","N",,,"Master","Rate"
"anesthesia_type_master","table","N","anesthesia_type_master_seq",,"Master","Rate"
"anesthesia_type_org_details","table","N",,,"Master","Rate"
"bed_types","table","N",,,"Master","Rate"
"common_charges_master","table","N",,,"Master","Rate"
"consultation_charges","table","N",,,"Master","Rate"
"consultation_charges_backup","table","N",,,"Master","Rate"
"consultation_org_details","table","N",,,"Master","Rate"
"diet_charges","table","N",,,"Master","Rate"
"doctor_charges_backup","table","N",,,"Master","Rate"
"doctor_charges_op_backup","table","N",,,"Master","Rate"
"doctor_consultation_charge","table","N",,,"Master","Rate"
"doctor_op_consultation_charge","table","N",,,"Master","Rate"
"doctors","table","N",,,"Master","Rate"
"dyna_package_audit_log","table","N",,,"Master","Rate"
"dyna_package_master_charges_audit_log","table","N",,,"Master","Rate"
"dyna_package_org_details","table","N",,,"Master","Rate"
"dyna_packages","table","N","dyna_packages_seq",,"Master","Rate"
"equipement_charges","table","N",,,"Master","Rate"
"equipment_charges_backup","table","N",,,"Master","Rate"
"equipment_master","table","N",,,"Master","Rate"
"master_timestamp","table","N",,,"Master","Rate"
"operation_charges","table","N",,,"Master","Rate"
"operation_charges_audit_log","table","N",,,"Master","Rate"
"operation_charges_backup","table","N",,,"Master","Rate"
"organization_details","table","N",,,"Master","Rate"
"other_charge_master","table","N",,,"Master","Rate"
"pack_master","table","N","package_sequence",,"Master","Rate"
"pack_org_details","table","N",,,"Master","Rate"
"package_charges","table","N",,,"Master","Rate"
"package_componentdetail","table","N","pack_chid_sequence",,"Master","Rate"
"patient_bed_eqipmentcharges","table","N",,,"Txn","Rate"
"service_master_charges","table","N",,,"Master","Rate"
"service_master_charges_audit_log","table","N",,,"Master","Rate"
"service_master_charges_backup","table","N",,,"Master","Rate"
"service_org_details","table","N",,,"Master","Rate"
"services","table","N",,,"Master","Rate"
"services_audit_log","table","N",,,"Master","Rate"
"theatre_charges","table","N",,,"Master","Rate"
"theatre_master","table","N",,,"Master","Rate"
"slida_card_index_sequence","sequence","N",,,"Txn","Registration"
"allergy_master","table","N","allergy_master_seq",,"Master","Registration"
"area_master","table","N","area_master_seq",,"Master","Registration"
"city","table","N",,,"Master","Registration"
"consultation_types","table","N","consultation_type_id_seq",,"Master","Registration"
"country_master","table","N",,,"Master","Registration"
"custom_list1_master","table","N",,,"Master","Registration"
"custom_list2_master","table","N",,,"Master","Registration"
"custom_list3_master","table","N",,,"Master","Registration"
"custom_list4_master","table","N",,,"Master","Registration"
"custom_list5_master","table","N",,,"Master","Registration"
"custom_list6_master","table","N",,,"Master","Registration"
"custom_list7_master","table","N",,,"Master","Registration"
"custom_list8_master","table","N",,,"Master","Registration"
"custom_list9_master","table","N",,,"Master","Registration"
"custom_visit_list1_master","table","N",,,"Master","Registration"
"custom_visit_list2_master","table","N",,,"Master","Registration"
"death_reason_master","table","N","death_reason_master_seq",,"Master","Registration"
"dis_detail","table","N","dis_detail_seq",,"Txn","Registration"
"dis_header","table","N","dis_header_seq",,"Txn","Registration"
"discharge_fileupload","table","N","discharge_fileupload_seq",,"Txn","Registration"
"discharge_format","table","N",,,"Master","Registration"
"discharge_format_detail","table","N","discharge_format_detail_seq",,"Master","Registration"
"discharge_hvf_print_template","table","N",,,"Master","Registration"
"govt_identifier_master","table","N","govt_identifier_master_seq",,"Master","Registration"
"hospital_center_master","table","N","hospital_center_master_seq",,"Master","Registration"
"incoming_sample_registration","table","N","inhouse_visit_id",,"Txn","Registration"
"incoming_sample_registration_details","table","N",,,"Txn","Registration"
"op_type_names","table","N",,,"Master","Registration"
"pat_export_data_pref","table","N",,,"Master","Registration"
"patient_category_master","table","N","patient_category_master_seq",,"Master","Registration"
"patient_details","table","N","*hosp_id_patterns",,"Txn","Registration"
"patient_details_audit_log","table","N",,,"Txn","Registration"
"patient_fingerprints","table","N",,,"Txn","Registration"
"patient_registration","table","N","*hosp_id_patterns",,"Txn","Registration"
"patient_registration_audit_log","table","N",,,"Txn","Registration"
"patient_registration_cards","table","N",,,"Txn","Registration"
"referral","table","N","referal_id_sequence",,"Master","Registration"
"registration_cards","table","N","registration_cards_seq",,"Master","Registration"
"registration_charges","table","N",,,"Master","Registration"
"registration_charges_backup","table","N",,,"Master","Registration"
"registration_preferences","table","N",,,"Master","Registration"
"relation_master","table","N",,,"Master","Registration"
"salutation_master","table","N",,,"Master","Registration"
"secondary_complaints","table","N","secondary_complaints_seq",,"Txn","Registration"
"state_master","table","N",,,"Master","Registration"
"units","table","N",,,"Master","Registration"
"visit_type_names","table","N",,,"Master","Registration"
"favourite_reports","table","N","favourite_reports_seq",,"Master","Reports"
"generic_resource_master","table","N","generic_resource_master_seq",,"Master","Scheduler"
"generic_resource_type","table","N","generic_resource_type_seq",,"Master","Scheduler"
"sch_default_res_availability_details","table","N",,,"Master","Scheduler"
"sch_resource_availability","table","N","sch_resource_availability_seq",,"Master","Scheduler"
"sch_resource_availability_details","table","N","sch_resource_availability_details_seq",,"Master","Scheduler"
"scheduler_appointment_items","table","N","scheduler_appointment_items_seq",,"Txn","Scheduler"
"scheduler_appointment_items_audit_log","table","N",,,"Txn","Scheduler"
"scheduler_appointments","table","N","scheduler_appointments_seq",,"Txn","Scheduler"
"scheduler_appointments_audit_log","table","N",,,"Txn","Scheduler"
"scheduler_item_master","table","N",,,"Master","Scheduler"
"scheduler_master","table","N","res_sch_id_seq",,"Master","Scheduler"
"scheduler_resource_types","table","N",,,"Master","Scheduler"
"scheduler_status","table","N",,,"Master","Scheduler"
"service_resource_master","table","N","service_resource_master_seq",,"Master","Scheduler"
"treatment_followups","table","N","treatment_id_sequence","treatment_followup_id_sequence","Master","Speciality Treatment"
"treatment_form_entries","table","N",,,"Master","Speciality Treatment"
"treatment_form_pdfs","table","N","treatment_form_pdfs_seq",,"Master","Speciality Treatment"
"store_seq","sequence","N",,,"Txn","Stores"
"tn_tax_report_seq","sequence","N",,,"Txn","Stores"
"category_bed_markups","table","N",,,"Master","Stores"
"commonmedicine_timestamp","table","N",,,"Txn","Stores"
"general_reagent_usage_details","table","N","general_reagent_usage_details_seq",,"Txn","Stores"
"general_reagent_usage_main","table","N",,,"Txn","Stores"
"generic_classification_master","table","N","generic_classification_master_seq",,"Master","Stores"
"generic_name","table","N","generic_sequence",,"Master","Stores"
"generic_sub_classification_master","table","N","generic_sub_classification_master_seq",,"Master","Stores"
"hosp_grn_seq_prefs","table","N",,,"Master","Stores"
"hosp_pharmacy_sale_seq_prefs","table","N",,,"Master","Stores"
"hosp_po_seq_prefs","table","N",,,"Master","Stores"
"manf_master","table","N","manufacturer_id_seq",,"Master","Stores"
"medicine_dosage_master","table","N",,,"Master","Stores"
"package_issue_uom","table","N",,,"Master","Stores"
"ph_payment_terms","table","N",,,"Master","Stores"
"pharmacy_medicine_category","table","N",,,"Master","Stores"
"po_print_template","table","N",,,"Master","Stores"
"prescribed_medicines_master","table","N",,,"Master","Stores"
"stock_issue_details","table","N","store_issue_details_sequence",,"Txn","Stores"
"stock_issue_main","table","Y","store_issue_sequence",,"Txn","Stores"
"store_adj_details","table","N","store_adj_details_seq",,"Txn","Stores"
"store_adj_main","table","N","stockadjust_sequence",,"Txn","Stores"
"store_category_master","table","N","store_category_master_seq",,"Master","Stores"
"store_checkpoint_details","table","N",,,"Txn","Stores"
"store_checkpoint_main","table","N","pharmacy_checkpoint_sequence",,"Txn","Stores"
"store_consignment_invoice","table","N","store_consignment_invoice_seq",,"Txn","Stores"
"store_debit_note","table","N","store_debit_note_seq",,"Txn","Stores"
"store_estimate_details","table","N","store_estimate_details_seq",,"Txn","Stores"
"store_estimate_main","table","N","store_estimate_main_seq",,"Txn","Stores"
"store_gatepass","table","N","store_gatepass_seq",,"Txn","Stores"
"store_grn_details","table","N","grn_item_order_seq",,"Txn","Stores"
"store_grn_main","table","N","store_grn_debit_note_seq",,"Txn","Stores"
"store_hosp_user","table","N",,,"Master","Stores"
"store_indent_details","table","N","store_indent_details_seq",,"Txn","Stores"
"store_indent_main","table","Y",,,"Txn","Stores"
"store_indent_main_status","table","N",,,"Master","Stores"
"store_invoice","table","N","invoice_seq",,"Txn","Stores"
"store_issue_returns_details","table","N","store_issue_returns_details_seq",,"Txn","Stores"
"store_item_batch_details","table","N","store_item_batch_details_seq",,"Txn","Stores"
"store_item_controltype","table","N","store_item_controltype_seq",,"Master","Stores"
"store_item_details","table","N","item_id_seq",,"Master","Stores"
"store_item_issue_rates","table","N",,,"Master","Stores"
"store_item_lot_details","table","N","store_item_lot_details_seq",,"Txn","Stores"
"store_item_rates","table","N",,,"Master","Stores"
"store_item_timestamp","table","N",,,"Master","Stores"
"store_kit_details","table","N",,,"Txn","Stores"
"store_kit_main","table","N",,,"Txn","Stores"
"store_kit_stock_main","table","N",,,"Txn","Stores"
"store_main_stock_timestamp","table","N",,,"Master","Stores"
"store_miscellaneous_settings","table","N",,,"Master","Stores"
"store_patient_indent_details","table","N","store_patient_indent_details_seq",,"Txn","Stores"
"store_patient_indent_main","table","N",,,"Txn","Stores"
"store_po","table","N","po_item_order_seq",,"Txn","Stores"
"store_po_main","table","N",,,"Txn","Stores"
"store_print_template","table","N",,,"Master","Stores"
"store_rate_plans","table","N","store_rate_plans_seq",,"Master","Stores"
"store_reagent_usage_details","table","N","store_reagent_usage_details_seq",,"Txn","Stores"
"store_reagent_usage_main","table","N","store_reagent_usage_main_seq",,"Txn","Stores"
"store_reorder_levels","table","N",,,"Master","Stores"
"store_retail_customers","table","N","retail_customer_id_sequence",,"Txn","Stores"
"store_retail_doctor","table","N","store_retail_doctor_seq",,"Master","Stores"
"store_retail_sponsors","table","N","store_retail_sponsors_seq",,"Txn","Stores"
"store_sales_details","table","N","store_sales_details_seq",,"Txn","Stores"
"store_sales_main","table","N","*hosp_id_patterns",,"Txn","Stores"
"store_stock_details","table","N","store_stock_details_seq",,"Txn","Stores"
"store_stock_details_audit_log","table","N",,,"Txn","Stores"
"store_supplier_returns","table","N","store_supplier_returns_seq",,"Txn","Stores"
"store_supplier_returns_main","table","N","supplier_return_sequence",,"Txn","Stores"
"store_transaction_lot_details","table","N",,,"Txn","Stores"
"store_transfer_details","table","N","store_transfer_details_seq",,"Txn","Stores"
"store_transfer_main","table","N","stock_transfer_seq",,"Txn","Stores"
"store_type_master","table","N","store_type_master_seq",,"Master","Stores"
"stores","table","N","stores_seq",,"Master","Stores"
"store_issue_returns_main","table","Y","store_issue_returns_sequence",,"Txn","Stores"
"supplier_category_master","table","N","supplier_category_master_seq",,"Master","Stores"
"supplier_master","table","N",,,"Master","Stores"
"system_messages","table","N","system_messages_seq",,"Master","Stores"
"temp_medicine_details","table","N",,,"Master","Stores"
"temp_medicines_with_multiple_stock_pkg_size","table","N",,,"Master","Stores"
"temp_medicines_with_packagesize_not_as_master","table","N",,,"Master","Stores"
"temp_stock_item_batch_with_diff_mrp_expdt","table","N",,,"Master","Stores"
"patient_vaccination","table","N","patient_vaccination_seq",,"Txn","Vaccination"
"vaccine_dose_master","table","N","vaccine_dose_master_seq",,"Master","Vaccination"
"vaccine_master","table","N","vaccine_master_seq",,"Master","Vaccination"
"ip_doctor_notes","table","N","ip_doctor_notes_seq",,"Master","WardActivities"
"ip_prescription","table","N","ip_prescription_seq",,"Master","WardActivities"
"patient_activities_obsolete","table","N",,,"Master","WardActivities"
"patient_standing_instructions_obsolete","table","N","patient_standing_instructions_seq",,"Master","WardActivities"
"discharge_type_master","table","N","discharge_type_master_seq",,"Master","Registration"
"acc_voucher_templates","table","N",,,"Master","Billing"
"bed_operation_secondary","table","N","bed_operation_secondary_seq",,"Master","ADT"
"bill_charge_claim","table","N",,,"Txn","Billing"
"bill_claim","table","N",,,"Txn","Billing"
"center_outsources","table","N",,,"Master","Diagnostics"
"acc_voucher_templates","table","N",,,"Master","Billing"
"bed_operation_secondary","table","N","bed_operation_secondary_seq",,"Master","ADT"
"bill_charge_claim","table","N",,,"Txn","Billing"
"bill_claim","table","N",,,"Txn","Billing"
"center_outsources","table","N",,,"Master","Diagnostics"
"diag_methodology_master","table","N",,,"Master","Diagnostics"
"diag_outsource_detail","table","N",,,"Master","Diagnostics"
"diag_outsource_master","table","N",,,"Master","Diagnostics"
"diagnosis_statuses","table","N",,,"Master","Diagnostics"
"doc_print_configuration","table","N",,,"Master","Common"
"doctor_notes_audit_log","table","N",,,"Txn","Common"
"doctor_order_audit_log","table","N",,,"Txn","Common"
"doctor_org_details","table","N",,,"Master","Rate"
"doctor_speciality_master","table","N",,,"Master","Rate"
"duration_units","table","N",,,"Master","Common"
"equip_org_details","table","N",,,"Master","Common"
"ha_ins_company_code","table","N",,,"Master","Insurance"
"ha_item_code_type","table","N",,,"Master","Common"
"ha_tpa_code","table","N",,,"Master","Insurance"
"health_authority_master","table","N",,,"Master","Registration"
"health_authority_preferences","table","N",,,"Master","Registration"
"ip_nurse_notes","table","N",,,"Master","InPatient"
"mrd_diagnosis_audit_log","table","N",,,"Txn","MRD"
"nurse_notes_audit_log","table","N",,,"Txn","InPatient"
"obsolete_ip_record","table","N",,,"Txn","InPatient"
"operation_billable_resources","table","N",,,"Txn","Billing"
"operation_details","table","N",,,"Master","Operations"
"operation_procedures","table","N",,,"Master","Operations"
"operation_team","table","N",,,"Txn","Operations"
"outsource_sample_details","table","N",,,"Txn","Diagnostics"
"pack_doc_master","table","N",,,"Master","Packages"
"package_category_master","table","N",,,"Master","Packages"
"package_center_master","table","N",,,"Master","Packages"
"package_item_charges","table","N",,,"Txn","Packages"
"package_sponsor_master","table","N",,,"Master","Packages"
"password_history","table","N",,,"Txn","Registration"
"password_rule","table","N",,,"Master","Registration"
"patient_activities_audit_log","table","N",,,"Txn","Common"
"patient_allergies","table","N",,,"Txn","Allergies"
"patient_allergies_audit_log","table","N",,,"Txn","Allergies"
"patient_health_maintenance","table","N",,,"Txn","Common"
"patient_insurance_plans","table","N",,,"Master","Insurance"
"patient_packages","table","N",,,"Txn","Packages"
"pbm_approval_amount_details","table","N",,,"Txn","Billing"
"pbm_medicine_prescriptions","table","N",,,"Txn","Prescription"
"pbm_observations_master","table","N",,,"Master","Prescription"
"pbm_presc_observations","table","N",,,"Txn","Prescription"
"pbm_prescription","table","N",,,"Txn","Prescription"
"pbm_prescription_request","table","N",,,"Txn","Prescription"
"pbm_request_approval_details","table","N",,,"Txn","Insurance"
"per_diem_codes_audit_log","table","N",,,"Txn","Insurance"
"per_diem_codes_charges","table","N",,,"Txn","Insurance"
"per_diem_codes_charges_audit_log","table","N",,,"Txn","Insurance"
"per_diem_codes_master","table","N",,,"Master","Insurance"
"phrase_suggestions_category_master","table","N",,,"Txn","Stores"
"phrase_suggestions_master","table","N",,,"Master","Insurance"
"preauth_activities_observations","table","N",,,"Txn","Insurance"
"preauth_approval_amount_details","table","N",,,"Txn","Insurance"
"preauth_prescription","table","N",,,"Txn","Insurance"
"preauth_prescription_activities","table","N",,,"Txn","Insurance"
"preauth_prescription_request","table","N",,,"Txn","Insurance"
"preauth_request_approval_details","table","N",,,"Txn","Insurance"
"rate_plan_parameters","table","N",,,"Master","Insurance"
"region_master","table","N",,,"Master","Common"
"sales_claim_details","table","N",,,"Txn","Sales"
"secondary_complaints_audit_log","table","N",,,"Txn","Consultation"
"service_supplies_master","table","N",,,"Master","Stores"
"shift_resources","table","N",,,"Txn","Sales"
"store_item_batch_details_audit_log","table","N",,,"Master","Stores"
"store_item_codes","table","N",,,"Master","Stores"
"store_patient_indent_item_issue_no_details","table","N",,,"Txn","Stores"
"store_preferences","table","N",,,"Master","Stores"
"strength_units","table","N",,,"Master","Common"
"survey_form","table","N",,,"Txn","Common"
"survey_form_section","table","N",,,"Master","Common"
"survey_question_category_master","table","N",,,"Master","Common"
"survey_rating_details_master","table","N",,,"Master","Common"
"survey_rating_type_master","table","N",,,"Master","Common"
"survey_section_question","table","N",,,"Txn","Common"
"survey_visit_feedback","table","N",,,"Txn","Common"
"survey_visit_feedback_details","table","N",,,"Txn","Common"
"system_generated_sections","table","N",,,"Master","Common"
"theatre_org_details","table","N",,,"Master","Common"
"tpa_center_master","table","N",,,"Master","Common"
"transfer_hospitals","table","N",,,"Master","Common"
"visit_vitals_audit_log","table","N",,,"Master","Common"
"vital_reading_audit_log","table","N",,,"Master","Common"
"vital_reference_range_master","table","N",,,"Master","Common"
"visit_care_team","table","N",,,"Txn","Common"
"bed_operation_secondary_seq","sequence","N",,,"Txn","Operations"
"diag_outsource_master_seq","sequence","N",,,"Txn","Diagnostic"
"diagnosis_statuses_seq","sequence","N",,,"Txn","Diagnostic"
"ha_ins_company_code_seq","sequence","N",,,"Txn","Insurance"
"ha_item_code_type_seq","sequence","N",,,"Txn","Insurance"
"ha_tpa_code_seq","sequence","N",,,"Txn","Insurance"
"health_authority_master_seq","sequence","N",,,"Txn","Insurance"
"ip_nurse_notes_seq","sequence","N",,,"Txn","InPatient"
"operation_billable_resources_seq","sequence","N",,,"Txn","Operations"
"operation_details_seq","sequence","N",,,"Master","Operations"
"operation_procedures_seq","sequence","N",,,"Txn","Operations"
"operation_team_seq","sequence","N",,,"Txn","Operations"
"pack_doc_master_seq","sequence","N",,,"Master","Package"
"package_category_master_seq","sequence","N",,,"Master","Package"
"package_center_master_seq","sequence","N",,,"Master","Package"
"package_sponsor_master_seq","sequence","N",,,"Master","Package"
"password_seq","sequence","N",,,"Txn","Common"
"patient_allergies_seq","sequence","N",,,"Txn","Allergy"
"patient_health_maintenance_seq","sequence","N",,,"Txn","Common"
"patient_insurance_plans_seq","sequence","N",,,"Master","Common"
"patient_packages_seq","sequence","N",,,"Txn","Package"
"pbm_medicine_prescriptions_seq","sequence","N",,,"Txn","Prescription"
"pbm_observations_master_seq","sequence","N",,,"Master","Observation"
"pbm_presc_observations_observation_id_seq","sequence","N",,,"Txn","Observation"
"pbm_prescription_seq","sequence","N",,,"Txn","Prescription"
"phrase_suggestions_category_master_seq","sequence","N",,,"Master","Common"
"phrase_suggestions_master_seq","sequence","N",,,"Master","Common"
"preauth_activities_observations_act_obs_id_seq","sequence","N",,,"Txn","Insurance"
"preauth_prescription_activities_seq","sequence","N",,,"Txn","Insurance"
"preauth_prescription_seq","sequence","N",,,"Txn","Insurance"
"region_master_seq","sequence","N",,,"Master","Common"
"sales_claim_details_seq","sequence","N",,,"Txn","Common"
"store_item_codes_seq","sequence","N",,,"Master","Stores"
"store_kit_details_seq","sequence","N",,,"Master","Stores"
"store_kit_main_seq","sequence","N",,,"Master","Stores"
"strength_units_seq","sequence","N",,,"Master","Common"
"survey_form_section_seq","sequence","N",,,"Master","Common"
"survey_form_seq","sequence","N",,,"Master","Common"
"survey_question_category_master_seq","sequence","N",,,"Master","Common"
"survey_rating_details_master_seq","sequence","N",,,"Master","Common"
"survey_rating_type_master_seq","sequence","N",,,"Master","Common"
"survey_section_question_seq","sequence","N",,,"Txn","Common"
"survey_visit_feedback_details_seq","sequence","N",,,"Txn","Common"
"survey_visit_feedback_seq","sequence","N",,,"Txn","Common"
"transfer_hospitals_seq","sequence","N",,,"Master","Common"
"vital_reference_range_master_seq","sequence","N",,,"Master","Common"
"bill_charge_tax","table","N",,,"Txn","Billing"
"bill_charge_claim_tax","table","N",,,"Txn","Billing"
"bill_charge_tax_seq","sequence","N",,,"Txn","Billing"
"bill_charge_claim_tax_seq","sequence","N","hosp_id_patterns",,"Txn","Billing"
"store_sales_tax_details","table","N",,,"Txn","Stores"
"sales_claim_tax_details","table","N",,,"Txn","Stores"
"store_grn_tax_details","table","N",,,"Txn","Stores"
"store_po_tax_details","table","N",,,"Txn","Stores"
"bill_charge_details_adjustment","table","N",,,"Txn","Billing"
"bill_adjustment","table","N",,,"Txn","Billing"
"bill_charge_adjustment","table","N",,,"Txn","Billing"
"patient_deposits_setoff_adjustments","table","N",,,"Txn","Billing"
"bill_credit_notes","table","N",,,"Txn","Billing"
"bill_claim_adjustment","table","N",,,"Txn","Billing"
"insurance_remittance_details","table","N",,,"Txn","Insurance"
"insurance_remittance_activity_details","table","N",,,"Txn","Insurance"
"bill_adjustment_alerts","table","N",,,"Txn","Billing"
"claim_submissions","table","N",,,"Txn","Insurance"
"patient_insurance_plan_details","table","N",,,"Txn","Insurance"
"note_type_master","table","N",,,"Master","Clinical"
"note_type_master_seq","sequence","N",,,"Master","Clinical"
"note_type_template_master","table","N",,,"Master","Clinical"
"note_type_template_master_seq","sequence","N",,,"Master","Clinical"
"patient_notes","table","N",,,"Txn","Clinical"
"patient_notes_seq","sequence","N",,,"Txn","Clinical"
"patient_notes_audit_log","table","N",,,"Txn","Clinical"
"patient_discharge","table","N",,,"Txn","Clinical"
"eligibility_authorization_status","table","N",,,"Master","Insurance"
"consultation_practitioner_type_mapping","table","N","consultation_practitioner_type_mapping_seq",,"Master","Common"
"district_master","table","N","district_master_seq",,"Master","Registration"
"insurance_company_category_mapping","table","N",,,"Master","Insurance"
"diagnostic_test_insurance_category_mapping","table","N",,,"Master","Clinical"
"service_insurance_category_mapping","table","N",,,"Master","Billing"
"operation_insurance_category_mapping","table","N",,,"Master","Billing"
"equipment_insurance_category_mapping","table","N",,,"Master","Billing"
"store_items_insurance_category_mapping","table","N",,,"Master","Inventory"
"bed_types_insurance_category_mapping","table","N",,,"Master","Billing"
"consultation_types_insurance_category_mapping","table","N",,,"Master","Billing"
"anesthesia_types_insurance_category_mapping","table","N",,,"Master","Billing"
"packages_insurance_category_mapping","table","N",,,"Master","Billing"
"common_charges_insurance_category_mapping","table","N",,,"Master","Billing"
"diet_insurance_category_mapping","table","N",,,"Master","Clinical"
"theatre_insurance_category_mapping","table","N",,,"Master","Billing"
"clinical_preferences","table","N",,,"Master","Common"
"doctor_consultation_audit_log","table","N",,,"Txn","Consultation"
"practitioner_type_consultation_mapping","table","N","practitioner_type_consultation_mapping_seq",,"Master","Common"
"district_master","table","N","district_master_seq",,"Master","Registration"
