section_title,allow_all_normal,linked_to,status,section_mandatory,allow_duplicate,display_order,field_name,field_type,allow_others,allow_normal,normal_text,no_of_lines,status,is_mandatory,use_in_presenting_complaint,default_to_current_datetime,display_order,option_value,status,value_code
ABC Assessment ,N,visit,A,f,f,1,Airway,checkbox,N,N,,,A,f,N,N,1,Patent,A,
ABC Assessment ,N,visit,A,f,f,1,Airway,checkbox,N,N,,,A,f,N,N,2,Obstructed,A,
ABC Assessment ,N,visit,A,f,f,2,Breathing,checkbox,N,N,,,A,f,N,N,1,Normal,A,
ABC Assessment ,N,visit,A,f,f,2,Breathing,checkbox,N,N,,,A,f,N,N,2,Abnormal,A,
ABC Assessment ,N,visit,A,f,f,3,Circulation,checkbox,N,N,,,A,f,N,N,1,Strong,A,
ABC Assessment ,N,visit,A,f,f,3,Circulation,checkbox,N,N,,,A,f,N,N,2,Weak,A,
ABC Assessment ,N,visit,A,f,f,3,Circulation,checkbox,N,N,,,A,f,N,N,3,Absent,A,
ABC Assessment ,N,visit,A,f,f,4,Capillary Refill,checkbox,N,N,,,A,f,N,N,1,> 2 Sec,A,
ABC Assessment ,N,visit,A,f,f,4,Capillary Refill,checkbox,N,N,,,A,f,N,N,2,< 2 Sec,A,
ABC Assessment ,N,visit,A,f,f,4,Capillary Refill,checkbox,N,N,,,A,f,N,N,3,Absent,A,
ABC Assessment ,N,visit,A,f,f,5,Skin,checkbox,N,N,,,A,f,N,N,1,Warm,A,
ABC Assessment ,N,visit,A,f,f,5,Skin,checkbox,N,N,,,A,f,N,N,2,Cold,A,
ABC Assessment ,N,visit,A,f,f,5,Skin,checkbox,N,N,,,A,f,N,N,3,Pink,A,
ABC Assessment ,N,visit,A,f,f,5,Skin,checkbox,N,N,,,A,f,N,N,4,Pale,A,
Additional ENT Examination,N,visit,A,f,f,1,EAR Examination,checkbox,N,N,,,A,f,N,N,1,Otoscopic examination of EAC & TM including Pneumo-otoscopy with notation of mobility Of TM,A,
Additional ENT Examination,N,visit,A,f,f,1,EAR Examination,checkbox,N,N,,,A,f,N,N,2,"Assessment of hearing with tuning forks and clinical speech reception thresholds (eg, whispered voice, finger rub)",A,
Additional ENT Examination,N,visit,A,f,f,2,Nose Examination,checkbox,N,N,,,A,f,N,N,1,External Inspection of nose (Appearance /Scar/ Lesions /Masses,A,
Additional ENT Examination,N,visit,A,f,f,2,Nose Examination,checkbox,N,N,,,A,f,N,N,2,"Inspection of nasal mucosa, septum & turbinates",A,
Additional ENT Examination,N,visit,A,f,f,2,Nose Examination,checkbox,N,N,,,A,f,N,N,3,"Examination by mirror of nasopharynx including appearance of the mucosa, adenoids, posterior choanae & eustachian tubes (Use of mirror not required in children)",A,
Additional ENT Examination,N,visit,A,f,f,3,Mouth and Throat Examination,checkbox,N,N,,,A,f,N,N,1,"Inspection of lips, teeth and gums",A,
Additional ENT Examination,N,visit,A,f,f,3,Mouth and Throat Examination,checkbox,N,N,,,A,f,N,N,2,"Examination of oropharynx: oral mucosa, hard & soft palate, tongue, tonsils &posterior pharynx (eg, asymmetry, lesions, hydration of mucosal surfaces)",A,
Additional ENT Examination,N,visit,A,f,f,3,Mouth and Throat Examination,checkbox,N,N,,,A,f,N,N,3,"Inspection of pharyngeal walls and pyriform sinuses (eg, pooling of saliva, asymmetry, lesions)",A,
Additional ENT Examination,N,visit,A,f,f,3,Mouth and Throat Examination,checkbox,N,N,,,A,f,N,N,4,"Examination by mirror of larynx including the condition of the epiglottis, false vocal cords, true vocal cords and mobility of larynx (Use of mirror not required in children)",A,
Additional ENT Examination,N,visit,A,f,f,4,Neck Examination,checkbox,N,N,,,A,f,N,N,1,"Examination of neck (eg, masses, overall appearance, symmetry, tracheal position, crepitus)",A,
Additional ENT Examination,N,visit,A,f,f,4,Neck Examination,checkbox,N,N,,,A,f,N,N,2,"Examination of thyroid (eg, enlargement, mass)",A,
Anterior Chamber,N,visit,A,f,f,1,RE,dropdown,N,Y,,,A,f,N,N,2,Abnormal,A,
Anterior Chamber,N,visit,A,f,f,2,LE,dropdown,N,Y,,,A,f,N,N,2,Abnormal,A,
Arrival Form,N,visit,A,f,f,2,Arrival Mode,dropdown,Y,N,,,A,f,N,N,1,Walking,A,
Arrival Form,N,visit,A,f,f,2,Arrival Mode,dropdown,Y,N,,,A,f,N,N,2,Wheel Chair,A,
Arrival Form,N,visit,A,f,f,2,Arrival Mode,dropdown,Y,N,,,A,f,N,N,3,Carried,A,
Arrival Form,N,visit,A,f,f,2,Arrival Mode,dropdown,Y,N,,,A,f,N,N,4,Stretcher,A,
Arrival Form,N,visit,A,f,f,2,Arrival Mode,dropdown,Y,N,,,A,f,N,N,5,Ambulance,A,
Arrival Form,N,visit,A,f,f,2,Arrival Mode,dropdown,Y,N,,,A,f,N,N,6,Private Car,A,
Arrival Form,N,visit,A,f,f,3,Accompanied By,checkbox,N,N,,,A,f,N,N,1,Self,A,
Arrival Form,N,visit,A,f,f,3,Accompanied By,checkbox,N,N,,,A,f,N,N,2,Relative / Friend,A,
Arrival Form,N,visit,A,f,f,3,Accompanied By,checkbox,N,N,,,A,f,N,N,3,Parent,A,
Arrival Form,N,visit,A,f,f,3,Accompanied By,checkbox,N,N,,,A,f,N,N,4,Police,A,
Arrival Form,N,visit,A,f,f,3,Accompanied By,checkbox,N,N,,,A,f,N,N,5,Others (Specify),A,
Birth History,N,patient,A,f,f,1,Birth History,dropdown,N,N,,,A,f,N,N,1,FTND,A,
Birth History,N,patient,A,f,f,1,Birth History,dropdown,N,N,,,A,f,N,N,2,LSCS,A,
Birth History,N,patient,A,f,f,1,Birth History,dropdown,N,N,,,A,f,N,N,3,Preterm,A,
Birth History,N,patient,A,f,f,1,Birth History,dropdown,N,N,,,A,f,N,N,4,Others,A,
Chronic Medical Problems,N,patient,A,f,f,1,Hypertension,dropdown,N,N,,,A,f,N,N,1,Yes,A,
Chronic Medical Problems,N,patient,A,f,f,1,Hypertension,dropdown,N,N,,,A,f,N,N,2,No,A,
Chronic Medical Problems,N,patient,A,f,f,2,Diabetes,dropdown,N,N,,,A,f,N,N,1,Yes,A,
Chronic Medical Problems,N,patient,A,f,f,2,Diabetes,dropdown,N,N,,,A,f,N,N,2,No,A,
Chronic Medical Problems,N,patient,A,f,f,3,Coronory Heart disease,dropdown,N,N,,,A,f,N,N,1,Yes,A,
Chronic Medical Problems,N,patient,A,f,f,3,Coronory Heart disease,dropdown,N,N,,,A,f,N,N,2,No,A,
Chronic Medical Problems,N,patient,A,f,f,4,Cerebrovascular disease,dropdown,N,N,,,A,f,N,N,1,Yes,A,
Chronic Medical Problems,N,patient,A,f,f,4,Cerebrovascular disease,dropdown,N,N,,,A,f,N,N,2,No,A,
Chronic Medical Problems,N,patient,A,f,f,5,Asthma or other COPD,dropdown,N,N,,,A,f,N,N,1,Yes,A,
Chronic Medical Problems,N,patient,A,f,f,5,Asthma or other COPD,dropdown,N,N,,,A,f,N,N,2,No,A,
Chronic Medical Problems,N,patient,A,f,f,6,Arthritis,dropdown,N,N,,,A,f,N,N,1,Yes,A,
Chronic Medical Problems,N,patient,A,f,f,6,Arthritis,dropdown,N,N,,,A,f,N,N,2,No,A,
Chronic Medical Problems,N,patient,A,f,f,7,Gout,dropdown,N,N,,,A,f,N,N,1,Yes,A,
Chronic Medical Problems,N,patient,A,f,f,7,Gout,dropdown,N,N,,,A,f,N,N,2,No,A,
Chronic Medical Problems,N,patient,A,f,f,8,Renal disease,dropdown,N,N,,,A,f,N,N,1,Yes,A,
Chronic Medical Problems,N,patient,A,f,f,8,Renal disease,dropdown,N,N,,,A,f,N,N,2,No,A,
Chronic Medical Problems,N,patient,A,f,f,9,Thyroid disease,dropdown,N,N,,,A,f,N,N,1,Yes,A,
Chronic Medical Problems,N,patient,A,f,f,9,Thyroid disease,dropdown,N,N,,,A,f,N,N,2,No,A,
Confrontation Test,N,visit,A,f,f,1,RE,dropdown,N,N,,,A,f,N,N,1,Normal,A,
Confrontation Test,N,visit,A,f,f,1,RE,dropdown,N,N,,,A,f,N,N,2,Abnormal,A,
Confrontation Test,N,visit,A,f,f,2,LE,dropdown,N,N,,,A,f,N,N,1,Normal,A,
Confrontation Test,N,visit,A,f,f,2,LE,dropdown,N,N,,,A,f,N,N,2,Abnormal,A,
Conjunctiva,N,visit,A,f,f,1,RE,dropdown,N,Y,,,A,f,N,N,2,Abnormal,A,
Conjunctiva,N,visit,A,f,f,2,LE,dropdown,N,Y,,,A,f,N,N,2,Abnormal,A,
Consultation Status,N,order item,A,f,f,1,Patient Orientation,checkbox,N,N,,,A,f,N,N,1,Patient Fully Oriented,A,
Consultation Status,N,order item,A,f,f,1,Patient Orientation,checkbox,N,N,,,A,f,N,N,2,Patient oriented to diagnosis,A,
Consultation Status,N,order item,A,f,f,1,Patient Orientation,checkbox,N,N,,,A,f,N,N,3,Patient oriented to treatment side effect,A,
Consultation Status,N,order item,A,f,f,1,Patient Orientation,checkbox,N,N,,,A,f,N,N,4,Patient oriented to Procedure/ Complications,A,
Consultation Status,N,order item,A,f,f,1,Patient Orientation,checkbox,N,N,,,A,f,N,N,5,Patient oriented to work up to be done,A,
Consultation Status,N,order item,A,f,f,1,Patient Orientation,checkbox,N,N,,,A,f,N,N,6,Others,A,
Consultation Status,N,order item,A,f,f,2,Patient Status,checkbox,N,N,,,A,f,N,N,1,Patient Alone,A,
Consultation Status,N,order item,A,f,f,2,Patient Status,checkbox,N,N,,,A,f,N,N,2,Patient Accompanied by Relative,A,
Consultation Status,N,order item,A,f,f,2,Patient Status,checkbox,N,N,,,A,f,N,N,3,Patient Accompanied by Friend,A,
Consultation Status,N,order item,A,f,f,2,Patient Status,checkbox,N,N,,,A,f,N,N,4,Patient Accompanied by Parent,A,
Consultation Status,N,order item,A,f,f,2,Patient Status,checkbox,N,N,,,A,f,N,N,5,Patient Accompanied by Husband,A,
Consultation Status,N,order item,A,f,f,2,Patient Status,checkbox,N,N,,,A,f,N,N,6,Patient Accompanied by Wife,A,
Consultation Status,N,order item,A,f,f,2,Patient Status,checkbox,N,N,,,A,f,N,N,7,Others,A,
Consultation Status,N,order item,A,f,f,3,Explanation given to ,checkbox,N,N,,,A,f,N,N,1,Explanation given to Patient,A,
Consultation Status,N,order item,A,f,f,3,Explanation given to ,checkbox,N,N,,,A,f,N,N,2,Explanation given to family,A,
Consultation Status,N,order item,A,f,f,3,Explanation given to ,checkbox,N,N,,,A,f,N,N,3,Explanation given to accompanied person,A,
Consultation Status,N,order item,A,f,f,3,Explanation given to ,checkbox,N,N,,,A,f,N,N,4,Explanation given to Parent,A,
Consultation Status,N,order item,A,f,f,3,Explanation given to ,checkbox,N,N,,,A,f,N,N,5,Explanation given for Admission,A,
Consultation Status,N,order item,A,f,f,3,Explanation given to ,checkbox,N,N,,,A,f,N,N,6,Explanation given for planned surgery,A,
Cornea,N,visit,A,f,f,1,RE,dropdown,N,Y,,,A,f,N,N,2,Abnormal,A,
Cornea,N,visit,A,f,f,2,LE,dropdown,N,Y,,,A,f,N,N,2,Abnormal,A,
Cover Tests,N,visit,A,f,f,1,RE,dropdown,N,N,,,A,f,N,N,1,Normal,A,
Cover Tests,N,visit,A,f,f,1,RE,dropdown,N,N,,,A,f,N,N,2,Abnormal,A,
Cover Tests,N,visit,A,f,f,2,LE,dropdown,N,N,,,A,f,N,N,1,Normal,A,
Cover Tests,N,visit,A,f,f,2,LE,dropdown,N,N,,,A,f,N,N,2,Abnormal,A,
CPR Activation,N,visit,A,f,f,1,CPR Activation,dropdown,N,N,,,A,f,N,N,1,Yes,A,
CPR Activation,N,visit,A,f,f,1,CPR Activation,dropdown,N,N,,,A,f,N,N,2,No,A,
Events & Mechanism,N,visit,A,f,f,1,Events & Mechanism,dropdown,Y,N,,,A,f,N,N,1,Road Traffic Accident,A,
Events & Mechanism,N,visit,A,f,f,1,Events & Mechanism,dropdown,Y,N,,,A,f,N,N,2,Fall from height,A,
Events & Mechanism,N,visit,A,f,f,1,Events & Mechanism,dropdown,Y,N,,,A,f,N,N,3,Assault,A,
Examination of Iris & Pupil,N,visit,A,f,f,1,Examination,checkbox,N,N,,,A,f,N,N,1,Iris RE,A,
Examination of Iris & Pupil,N,visit,A,f,f,1,Examination,checkbox,N,N,,,A,f,N,N,2,Iris LE,A,
Examination of Iris & Pupil,N,visit,A,f,f,1,Examination,checkbox,N,N,,,A,f,N,N,3,Pupil RE,A,
Examination of Iris & Pupil,N,visit,A,f,f,1,Examination,checkbox,N,N,,,A,f,N,N,4,Pupil LE,A,
Extra Oral Examination/Orthodontic,N,visit,A,f,f,1,Profile,dropdown,N,N,,,A,f,N,N,1,Straight,A,
Extra Oral Examination/Orthodontic,N,visit,A,f,f,1,Profile,dropdown,N,N,,,A,f,N,N,2,Concuve,A,
Extra Oral Examination/Orthodontic,N,visit,A,f,f,1,Profile,dropdown,N,N,,,A,f,N,N,3,Convex,A,
Extra Oral Examination/Orthodontic,N,visit,A,f,f,2,Lips at Rest,dropdown,N,N,,,A,f,N,N,1,Competent,A,
Extra Oral Examination/Orthodontic,N,visit,A,f,f,2,Lips at Rest,dropdown,N,N,,,A,f,N,N,2,Incompetent,A,
Extra Oral Examination/Orthodontic,N,visit,A,f,f,3,Nasilabial,dropdown,N,N,,,A,f,N,N,1,Normal,A,
Extra Oral Examination/Orthodontic,N,visit,A,f,f,3,Nasilabial,dropdown,N,N,,,A,f,N,N,2,Acute,A,
Extra Oral Examination/Orthodontic,N,visit,A,f,f,3,Nasilabial,dropdown,N,N,,,A,f,N,N,3,Obtuse,A,
Extra Oral Examination/Orthodontic,N,visit,A,f,f,4,Chin Button,dropdown,N,N,,,A,f,N,N,1,Normal,A,
Extra Oral Examination/Orthodontic,N,visit,A,f,f,4,Chin Button,dropdown,N,N,,,A,f,N,N,2,Recessive,A,
Extra Oral Examination/Orthodontic,N,visit,A,f,f,4,Chin Button,dropdown,N,N,,,A,f,N,N,3,Prominent,A,
Extra Oral Examination/Orthodontic,N,visit,A,f,f,5,Breathing,dropdown,N,N,,,A,f,N,N,1,Nasal,A,
Extra Oral Examination/Orthodontic,N,visit,A,f,f,5,Breathing,dropdown,N,N,,,A,f,N,N,2,Oronasal,A,
Extra Oral Examination/Orthodontic,N,visit,A,f,f,5,Breathing,dropdown,N,N,,,A,f,N,N,3,Oral,A,
Family History,N,patient,A,f,f,1,Cancer,dropdown,N,N,,,A,f,N,N,1,Yes,A,
Family History,N,patient,A,f,f,1,Cancer,dropdown,N,N,,,A,f,N,N,2,No,A,
Family History,N,patient,A,f,f,2,Hypertension,dropdown,N,N,,,A,f,N,N,1,Yes,A,
Family History,N,patient,A,f,f,2,Hypertension,dropdown,N,N,,,A,f,N,N,2,No,A,
Family History,N,patient,A,f,f,3,Hyperlipidemia,dropdown,N,N,,,A,f,N,N,1,Yes,A,
Family History,N,patient,A,f,f,3,Hyperlipidemia,dropdown,N,N,,,A,f,N,N,2,No,A,
Family History,N,patient,A,f,f,4,Diabetes Type 2,dropdown,N,N,,,A,f,N,N,1,Yes,A,
Family History,N,patient,A,f,f,4,Diabetes Type 2,dropdown,N,N,,,A,f,N,N,2,No,A,
Family History,N,patient,A,f,f,5,Coronary Artery Disease,dropdown,N,N,,,A,f,N,N,1,Yes,A,
Family History,N,patient,A,f,f,5,Coronary Artery Disease,dropdown,N,N,,,A,f,N,N,2,No,A,
Family History,N,patient,A,f,f,6,Stroke,dropdown,N,N,,,A,f,N,N,1,Yes,A,
Family History,N,patient,A,f,f,6,Stroke,dropdown,N,N,,,A,f,N,N,2,No,A,
Family History,N,patient,A,f,f,8,Alzheimerâ€™s,dropdown,N,N,,,A,f,N,N,1,Yes,A,
Family History,N,patient,A,f,f,8,Alzheimerâ€™s,dropdown,N,N,,,A,f,N,N,2,No,A,
Family History,N,patient,A,f,f,9,Depression,dropdown,N,N,,,A,f,N,N,1,Yes,A,
Family History,N,patient,A,f,f,9,Depression,dropdown,N,N,,,A,f,N,N,2,No,A,
Family History,N,patient,A,f,f,10,Osteoporosis,dropdown,N,N,,,A,f,N,N,1,Yes,A,
Family History,N,patient,A,f,f,10,Osteoporosis,dropdown,N,N,,,A,f,N,N,2,No,A,
Fundus Examination,N,visit,A,f,f,2,Fundus Examination,dropdown,N,N,,,A,f,N,N,1,Dilated,A,
Fundus Examination,N,visit,A,f,f,2,Fundus Examination,dropdown,N,N,,,A,f,N,N,2,Undilated,A,
High Risk Factors,N,visit,A,f,f,1,Risk Factors,dropdown,Y,N,,,A,f,N,N,1,Anemia,A,
High Risk Factors,N,visit,A,f,f,1,Risk Factors,dropdown,Y,N,,,A,f,N,N,2,Essential hypertension,A,
High Risk Factors,N,visit,A,f,f,1,Risk Factors,dropdown,Y,N,,,A,f,N,N,3,History of PIH,A,
High Risk Factors,N,visit,A,f,f,1,Risk Factors,dropdown,Y,N,,,A,f,N,N,4,Diabetes Mellitus,A,
High Risk Factors,N,visit,A,f,f,1,Risk Factors,dropdown,Y,N,,,A,f,N,N,5,History of GDM,A,
High Risk Factors,N,visit,A,f,f,1,Risk Factors,dropdown,Y,N,,,A,f,N,N,6,Cardiac problem,A,
High Risk Factors,N,visit,A,f,f,1,Risk Factors,dropdown,Y,N,,,A,f,N,N,7,Epilepsy,A,
High Risk Factors,N,visit,A,f,f,1,Risk Factors,dropdown,Y,N,,,A,f,N,N,8,Thyroid dysfunction,A,
High Risk Factors,N,visit,A,f,f,1,Risk Factors,dropdown,Y,N,,,A,f,N,N,9,Previous LSCS,A,
High Risk Factors,N,visit,A,f,f,1,Risk Factors,dropdown,Y,N,,,A,f,N,N,11,Rh negative,A,
High Risk Factors,N,visit,A,f,f,1,Risk Factors,dropdown,Y,N,,,A,f,N,N,12,Bad Obstetric History	,A,
High Risk Factors,N,visit,A,f,f,1,Risk Factors,dropdown,Y,N,,,A,f,N,N,13,Asthma,A,
High Risk Factors,N,visit,A,f,f,1,Risk Factors,dropdown,Y,N,,,A,f,N,N,14,History of preterm labour,A,
High Risk Factors,N,visit,A,f,f,1,Risk Factors,dropdown,Y,N,,,A,f,N,N,15,Multiple pregnancy,A,
High Risk Factors,N,visit,A,f,f,1,Risk Factors,dropdown,Y,N,,,A,f,N,N,16,History of myomectomy,A,
High Risk Factors,N,visit,A,f,f,1,Risk Factors,dropdown,Y,N,,,A,f,N,N,17,Previous ERPC/D&C,A,
High Risk Factors,N,visit,A,f,f,1,Risk Factors,dropdown,Y,N,,,A,f,N,N,18,Obesity (BMI),A,
High Risk Factors,N,visit,A,f,f,1,Risk Factors,dropdown,Y,N,,,A,f,N,N,20,Surgery on cervix,A,
High Risk Factors,N,visit,A,f,f,1,Risk Factors,dropdown,Y,N,,,A,f,N,N,21,Abnormal papsmear,A,
High Risk Factors,N,visit,A,f,f,1,Risk Factors,dropdown,Y,N,,,A,f,N,N,22,Smoking/Alcohol consumption/Drug addiction,A,
High Risk Factors,N,visit,A,f,f,1,Risk Factors,dropdown,Y,N,,,A,f,N,N,23,High grade fever with rash in any trimester,A,
High Risk Factors,N,visit,A,f,f,1,Risk Factors,dropdown,Y,N,,,A,f,N,N,24,Recent immunization,A,
High Risk Factors,N,visit,A,f,f,1,Risk Factors,dropdown,Y,N,,,A,f,N,N,25,Blood transfusion,A,
High Risk Factors,N,visit,A,f,f,1,Risk Factors,dropdown,Y,N,,,A,f,N,N,26,Bleeding disorders,A,
History of Present Illness (Default),N,order item,I,f,f,1,Location,dropdown,Y,N,,3,A,f,N,N,0,Scalp,A,
History of Present Illness (Default),N,order item,I,f,f,1,Location,dropdown,Y,N,,3,A,f,N,N,0,Face,A,
History of Present Illness (Default),N,order item,I,f,f,1,Location,dropdown,Y,N,,3,A,f,N,N,0,Neck,A,
History of Present Illness (Default),N,order item,I,f,f,1,Location,dropdown,Y,N,,3,A,f,N,N,0,Throat,A,
History of Present Illness (Default),N,order item,I,f,f,1,Location,dropdown,Y,N,,3,A,f,N,N,0,Eyes,A,
History of Present Illness (Default),N,order item,I,f,f,1,Location,dropdown,Y,N,,3,A,f,N,N,0,Ears,A,
History of Present Illness (Default),N,order item,I,f,f,1,Location,dropdown,Y,N,,3,A,f,N,N,0,Nose,A,
History of Present Illness (Default),N,order item,I,f,f,1,Location,dropdown,Y,N,,3,A,f,N,N,0,Teeth,A,
History of Present Illness (Default),N,order item,I,f,f,1,Location,dropdown,Y,N,,3,A,f,N,N,0,Teeth,A,
History of Present Illness (Default),N,order item,I,f,f,1,Location,dropdown,Y,N,,3,A,f,N,N,0,Tongue,A,
History of Present Illness (Default),N,order item,I,f,f,1,Location,dropdown,Y,N,,3,A,f,N,N,0,Lips,A,
History of Present Illness (Default),N,order item,I,f,f,1,Location,dropdown,Y,N,,3,A,f,N,N,0,Head,A,
History of Present Illness (Default),N,order item,I,f,f,1,Location,dropdown,Y,N,,3,A,f,N,N,0,Chest,A,
History of Present Illness (Default),N,order item,I,f,f,1,Location,dropdown,Y,N,,3,A,f,N,N,0,Abdomen,A,
History of Present Illness (Default),N,order item,I,f,f,1,Location,dropdown,Y,N,,3,A,f,N,N,0,Uterus,A,
History of Present Illness (Default),N,order item,I,f,f,1,Location,dropdown,Y,N,,3,A,f,N,N,0,Cervical Spine,A,
History of Present Illness (Default),N,order item,I,f,f,1,Location,dropdown,Y,N,,3,A,f,N,N,0,Lubosacral Spine,A,
History of Present Illness (Default),N,order item,I,f,f,1,Location,dropdown,Y,N,,3,A,f,N,N,0,Shoulders,A,
History of Present Illness (Default),N,order item,I,f,f,1,Location,dropdown,Y,N,,3,A,f,N,N,0,Hand,A,
History of Present Illness (Default),N,order item,I,f,f,1,Location,dropdown,Y,N,,3,A,f,N,N,0,Wrist,A,
History of Present Illness (Default),N,order item,I,f,f,1,Location,dropdown,Y,N,,3,A,f,N,N,0,Fingers,A,
History of Present Illness (Default),N,order item,I,f,f,1,Location,dropdown,Y,N,,3,A,f,N,N,0,Pelvis,A,
History of Present Illness (Default),N,order item,I,f,f,1,Location,dropdown,Y,N,,3,A,f,N,N,0,Legs,A,
History of Present Illness (Default),N,order item,I,f,f,1,Location,dropdown,Y,N,,3,A,f,N,N,0,Knee,A,
History of Present Illness (Default),N,order item,I,f,f,1,Location,dropdown,Y,N,,3,A,f,N,N,0,Foot,A,
History of Present Illness (Default),N,order item,I,f,f,1,Location,dropdown,Y,N,,3,A,f,N,N,0,Ankle,A,
History of Present Illness (Default),N,order item,I,f,f,1,Location,dropdown,Y,N,,3,A,f,N,N,0,Toes,A,
History of Present Illness (Default),N,order item,I,f,f,2,Quality,dropdown,Y,N,,3,A,f,N,N,0,Sharp,A,
History of Present Illness (Default),N,order item,I,f,f,2,Quality,dropdown,Y,N,,3,A,f,N,N,0,Throbbing,A,
History of Present Illness (Default),N,order item,I,f,f,2,Quality,dropdown,Y,N,,3,A,f,N,N,0,Burning,A,
History of Present Illness (Default),N,order item,I,f,f,2,Quality,dropdown,Y,N,,3,A,f,N,N,0,Radiating,A,
History of Present Illness (Default),N,order item,I,f,f,2,Quality,dropdown,Y,N,,3,A,f,N,N,0,Others,A,
History of Present Illness (Default),N,order item,I,f,f,3,Duration,dropdown,Y,N,,3,A,f,N,N,0,Yesterday,A,
History of Present Illness (Default),N,order item,I,f,f,3,Duration,dropdown,Y,N,,3,A,f,N,N,0,2 Days ago,A,
History of Present Illness (Default),N,order item,I,f,f,3,Duration,dropdown,Y,N,,3,A,f,N,N,0,4 Days ago,A,
History of Present Illness (Default),N,order item,I,f,f,3,Duration,dropdown,Y,N,,3,A,f,N,N,0,6 Days ago,A,
History of Present Illness (Default),N,order item,I,f,f,3,Duration,dropdown,Y,N,,3,A,f,N,N,0,1 Week ago,A,
History of Present Illness (Default),N,order item,I,f,f,3,Duration,dropdown,Y,N,,3,A,f,N,N,0,2 Weeks ago,A,
History of Present Illness (Default),N,order item,I,f,f,3,Duration,dropdown,Y,N,,3,A,f,N,N,0,3 Weeks ago,A,
History of Present Illness (Default),N,order item,I,f,f,3,Duration,dropdown,Y,N,,3,A,f,N,N,0,4 Weeks ago,A,
History of Present Illness (Default),N,order item,I,f,f,3,Duration,dropdown,Y,N,,3,A,f,N,N,0,2 Months ago,A,
History of Present Illness (Default),N,order item,I,f,f,3,Duration,dropdown,Y,N,,3,A,f,N,N,0,3 Months ago,A,
History of Present Illness (Default),N,order item,I,f,f,3,Duration,dropdown,Y,N,,3,A,f,N,N,0,4 Months ago,A,
History of Present Illness (Default),N,order item,I,f,f,3,Duration,dropdown,Y,N,,3,A,f,N,N,0,6 Months ago,A,
History of Present Illness (Default),N,order item,I,f,f,4,Timing,dropdown,Y,N,,3,A,f,N,N,0,Constant,A,
History of Present Illness (Default),N,order item,I,f,f,4,Timing,dropdown,Y,N,,3,A,f,N,N,0,Frequent,A,
History of Present Illness (Default),N,order item,I,f,f,4,Timing,dropdown,Y,N,,3,A,f,N,N,0,Intermittent,A,
History of Present Illness (Default),N,order item,I,f,f,5,Context,dropdown,Y,N,,3,A,f,N,N,0,Fall,A,
History of Present Illness (Default),N,order item,I,f,f,5,Context,dropdown,Y,N,,3,A,f,N,N,0,Lifting Heavy Object,A,
History of Present Illness (Default),N,order item,I,f,f,6,Modifying Factors,dropdown,Y,N,,3,A,f,N,N,0,Better when heat is applied,A,
History of Present Illness (Default),N,order item,I,f,f,6,Modifying Factors,dropdown,Y,N,,3,A,f,N,N,0,Better when ice pack is applied,A,
History of Present Illness (Default),N,order item,I,f,f,6,Modifying Factors,dropdown,Y,N,,3,A,f,N,N,0,Better when lying down,A,
History of Present Illness (Default),N,order item,I,f,f,7,Severity,dropdown,Y,N,,3,A,f,N,N,0,Mild,A,
History of Present Illness (Default),N,order item,I,f,f,7,Severity,dropdown,Y,N,,3,A,f,N,N,0,Moderate,A,
History of Present Illness (Default),N,order item,I,f,f,7,Severity,dropdown,Y,N,,3,A,f,N,N,0,Severe,A,
History of Present Illness (Default),N,order item,I,f,f,7,Severity,dropdown,Y,N,,3,A,f,N,N,0,Pain scale 2/10,A,
History of Present Illness (Default),N,order item,I,f,f,7,Severity,dropdown,Y,N,,3,A,f,N,N,0,Pain scale 4/10,A,
History of Present Illness (Default),N,order item,I,f,f,7,Severity,dropdown,Y,N,,3,A,f,N,N,0,Pain scale 6/10,A,
History of Present Illness (Default),N,order item,I,f,f,7,Severity,dropdown,Y,N,,3,A,f,N,N,0,Pain scale 8/10,A,
History of Present Illness (Default),N,order item,I,f,f,7,Severity,dropdown,Y,N,,3,A,f,N,N,0,Pain scale 10/10,A,
History of Present Illness (Default),N,order item,I,f,f,8,Associated Signs & Symptoms,dropdown,Y,N,,3,A,f,N,N,0,Numbness,A,
History of Present Illness (Default),N,order item,I,f,f,8,Associated Signs & Symptoms,dropdown,Y,N,,3,A,f,N,N,0,Weakness,A,
History of Present Illness (Default),N,order item,I,f,f,8,Associated Signs & Symptoms,dropdown,Y,N,,3,A,f,N,N,0,Dizziness,A,
History of Present Illness (Default),N,order item,I,f,f,8,Associated Signs & Symptoms,dropdown,Y,N,,3,A,f,N,N,0,Vomiting,A,
History of Present Illness (Default),N,order item,I,f,f,8,Associated Signs & Symptoms,dropdown,Y,N,,3,A,f,N,N,0,Nausea,A,
History of Present Illness (Default),N,order item,I,f,f,8,Associated Signs & Symptoms,dropdown,Y,N,,3,A,f,N,N,0,Fever,A,
History of Present Illness (Default),N,order item,I,f,f,8,Associated Signs & Symptoms,dropdown,Y,N,,3,A,f,N,N,0,Cough,A,
History of Present Illness (Default),N,order item,I,f,f,8,Associated Signs & Symptoms,dropdown,Y,N,,3,A,f,N,N,0,Headache,A,
History of Present Illness (Default),N,order item,I,f,f,8,Associated Signs & Symptoms,dropdown,Y,N,,3,A,f,N,N,0,Myalgia,A,
History of Present Illness (Default),N,order item,I,f,f,8,Associated Signs & Symptoms,dropdown,Y,N,,3,A,f,N,N,0,Abdominal Pain,A,
Immunizations,N,patient,A,f,f,1,Polio,dropdown,N,N,,,A,f,N,N,1,Yes,A,
Immunizations,N,patient,A,f,f,1,Polio,dropdown,N,N,,,A,f,N,N,2,No,A,
Immunizations,N,patient,A,f,f,2,Tetanus,dropdown,N,N,,,A,f,N,N,1,Yes,A,
Immunizations,N,patient,A,f,f,2,Tetanus,dropdown,N,N,,,A,f,N,N,2,No,A,
Immunizations,N,patient,A,f,f,3,Last PPD,dropdown,N,N,,,A,f,N,N,1,Yes,A,
Immunizations,N,patient,A,f,f,3,Last PPD,dropdown,N,N,,,A,f,N,N,2,No,A,
Immunizations,N,patient,A,f,f,5,Cholera,dropdown,N,N,,,A,f,N,N,1,Yes,A,
Immunizations,N,patient,A,f,f,5,Cholera,dropdown,N,N,,,A,f,N,N,2,No,A,
Intra Oral Examination/ Orthodontic,N,visit,A,f,f,1,Oral Hygiene,dropdown,N,N,,,A,f,N,N,1,Good,A,
Intra Oral Examination/ Orthodontic,N,visit,A,f,f,1,Oral Hygiene,dropdown,N,N,,,A,f,N,N,2,Fair,A,
Intra Oral Examination/ Orthodontic,N,visit,A,f,f,1,Oral Hygiene,dropdown,N,N,,,A,f,N,N,3,Poor,A,
Intra Oral Examination/ Orthodontic,N,visit,A,f,f,2,Dentition,dropdown,N,N,,,A,f,N,N,1,Primary,A,
Intra Oral Examination/ Orthodontic,N,visit,A,f,f,2,Dentition,dropdown,N,N,,,A,f,N,N,2,Mixed,A,
Intra Oral Examination/ Orthodontic,N,visit,A,f,f,2,Dentition,dropdown,N,N,,,A,f,N,N,3,Permanent,A,
Intra Oral Examination/ Orthodontic,N,visit,A,f,f,3,Frenal Attachment,dropdown,N,N,,,A,f,N,N,1,Normal,A,
Intra Oral Examination/ Orthodontic,N,visit,A,f,f,3,Frenal Attachment,dropdown,N,N,,,A,f,N,N,2,Abnormal,A,
Intra Oral Examination/ Orthodontic,N,visit,A,f,f,4,Habits,dropdown,Y,N,,,A,f,N,N,1,Tongue Thrushing,A,
Intra Oral Examination/ Orthodontic,N,visit,A,f,f,4,Habits,dropdown,Y,N,,,A,f,N,N,2,Mouth Breathing,A,
Intra Oral Examination/ Orthodontic,N,visit,A,f,f,4,Habits,dropdown,Y,N,,,A,f,N,N,3,Lip Biting,A,
Intra Oral Examination/ Orthodontic,N,visit,A,f,f,5,Midline Coincide,checkbox,N,N,,,A,f,N,N,1,Upper Shifted to Right,A,
Intra Oral Examination/ Orthodontic,N,visit,A,f,f,5,Midline Coincide,checkbox,N,N,,,A,f,N,N,2,Upper Shifted to Left,A,
Intra Oral Examination/ Orthodontic,N,visit,A,f,f,5,Midline Coincide,checkbox,N,N,,,A,f,N,N,3,Lower Shifted to Right,A,
Intra Oral Examination/ Orthodontic,N,visit,A,f,f,5,Midline Coincide,checkbox,N,N,,,A,f,N,N,4,Lower Shifted to Left,A,
Intra Oral Examination/ Orthodontic,N,visit,A,f,f,6,Arch from,checkbox,N,N,,,A,f,N,N,1,U,A,
Intra Oral Examination/ Orthodontic,N,visit,A,f,f,6,Arch from,checkbox,N,N,,,A,f,N,N,2,V,A,
Intra Oral Examination/ Orthodontic,N,visit,A,f,f,6,Arch from,checkbox,N,N,,,A,f,N,N,3,Square,A,
Intra Oral Examination/ Orthodontic,N,visit,A,f,f,7,Molar Relationship: Right,dropdown,N,N,,,A,f,N,N,1,Class I,A,
Intra Oral Examination/ Orthodontic,N,visit,A,f,f,7,Molar Relationship: Right,dropdown,N,N,,,A,f,N,N,2,Class II,A,
Intra Oral Examination/ Orthodontic,N,visit,A,f,f,7,Molar Relationship: Right,dropdown,N,N,,,A,f,N,N,3,Class III,A,
Intra Oral Examination/ Orthodontic,N,visit,A,f,f,8,Molar Relationship: Left,dropdown,N,N,,,A,f,N,N,1,Class I,A,
Intra Oral Examination/ Orthodontic,N,visit,A,f,f,8,Molar Relationship: Left,dropdown,N,N,,,A,f,N,N,2,Class II,A,
Intra Oral Examination/ Orthodontic,N,visit,A,f,f,8,Molar Relationship: Left,dropdown,N,N,,,A,f,N,N,3,Class III,A,
Intra Oral Examination/ Orthodontic,N,visit,A,f,f,9,Incisor Relationship,dropdown,N,N,,,A,f,N,N,1,Edge to Edge,A,
Intra Oral Examination/ Orthodontic,N,visit,A,f,f,9,Incisor Relationship,dropdown,N,N,,,A,f,N,N,2,Positive over jet,A,
Intra Oral Examination/ Orthodontic,N,visit,A,f,f,9,Incisor Relationship,dropdown,N,N,,,A,f,N,N,3,Negative Over jet,A,
Lens,N,visit,A,f,f,1,RE,dropdown,N,Y,,,A,f,N,N,2,Abnormal,A,
Lens,N,visit,A,f,f,2,LE,dropdown,N,Y,,,A,f,N,N,2,Abnormal,A,
Level of Conciousness,N,visit,A,f,f,1,Level of Conciousness,dropdown,N,N,,,A,f,N,N,1,Conscious,A,
Level of Conciousness,N,visit,A,f,f,1,Level of Conciousness,dropdown,N,N,,,A,f,N,N,2,Semi-Conscious,A,
Level of Conciousness,N,visit,A,f,f,1,Level of Conciousness,dropdown,N,N,,,A,f,N,N,3,Unconcious,A,
Menstrual History,N,patient,A,f,f,3,Status,dropdown,N,N,,,A,f,N,N,1,Regular,A,
Menstrual History,N,patient,A,f,f,3,Status,dropdown,N,N,,,A,f,N,N,2,Irregular,A,
Menstrual History,N,patient,A,f,f,5,Dysmenorrhea,dropdown,N,N,,,A,f,N,N,1,Yes,A,
Menstrual History,N,patient,A,f,f,5,Dysmenorrhea,dropdown,N,N,,,A,f,N,N,2,No,A,
Neurology Examination,N,visit,A,f,f,3,GCS,checkbox,N,N,,,A,f,N,N,1,GCS,A,
Neurology Examination,N,visit,A,f,f,3,GCS,checkbox,N,N,,,A,f,N,N,2,EO,A,
Neurology Examination,N,visit,A,f,f,3,GCS,checkbox,N,N,,,A,f,N,N,3,BVR,A,
Neurology Examination,N,visit,A,f,f,3,GCS,checkbox,N,N,,,A,f,N,N,4,BMR,A,
Neurology Examination,N,visit,A,f,f,7,Cranial Nerves,checkbox,N,N,,,A,f,N,N,1,I Visual acuity,A,
Neurology Examination,N,visit,A,f,f,7,Cranial Nerves,checkbox,N,N,,,A,f,N,N,2,II Visual fields - Fundi,A,
Neurology Examination,N,visit,A,f,f,7,Cranial Nerves,checkbox,N,N,,,A,f,N,N,3,III - IV - VI,A,
Neurology Examination,N,visit,A,f,f,7,Cranial Nerves,checkbox,N,N,,,A,f,N,N,4,V,A,
Neurology Examination,N,visit,A,f,f,7,Cranial Nerves,checkbox,N,N,,,A,f,N,N,5,VII,A,
Neurology Examination,N,visit,A,f,f,7,Cranial Nerves,checkbox,N,N,,,A,f,N,N,6,VIII,A,
Neurology Examination,N,visit,A,f,f,7,Cranial Nerves,checkbox,N,N,,,A,f,N,N,7,IX - X - XI,A,
Neurology Examination,N,visit,A,f,f,7,Cranial Nerves,checkbox,N,N,,,A,f,N,N,8,XII,A,
Neurology Examination,N,visit,A,f,f,8,Motor System,checkbox,N,N,,,A,f,N,N,1,Bulk,A,
Neurology Examination,N,visit,A,f,f,8,Motor System,checkbox,N,N,,,A,f,N,N,2,State,A,
Neurology Examination,N,visit,A,f,f,8,Motor System,checkbox,N,N,,,A,f,N,N,3,Tone,A,
Neurology Examination,N,visit,A,f,f,8,Motor System,checkbox,N,N,,,A,f,N,N,4,Power,A,
Neurology Examination,N,visit,A,f,f,8,Motor System,checkbox,N,N,,,A,f,N,N,5,Involuntary Movement,A,
Neurology Examination,N,visit,A,f,f,11,Reflexes,checkbox,N,N,,,A,f,N,N,1,Biceps,A,
Neurology Examination,N,visit,A,f,f,11,Reflexes,checkbox,N,N,,,A,f,N,N,2,Supinator,A,
Neurology Examination,N,visit,A,f,f,11,Reflexes,checkbox,N,N,,,A,f,N,N,3,Triceps,A,
Neurology Examination,N,visit,A,f,f,11,Reflexes,checkbox,N,N,,,A,f,N,N,4,Knee,A,
Neurology Examination,N,visit,A,f,f,11,Reflexes,checkbox,N,N,,,A,f,N,N,5,Ankle,A,
Neurology Examination,N,visit,A,f,f,11,Reflexes,checkbox,N,N,,,A,f,N,N,6,Clonus,A,
Neurology Examination,N,visit,A,f,f,11,Reflexes,checkbox,N,N,,,A,f,N,N,7,Planter,A,
Neurology Examination,N,visit,A,f,f,11,Reflexes,checkbox,N,N,,,A,f,N,N,8,Abdominal,A,
Neurology Examination,N,visit,A,f,f,11,Reflexes,checkbox,N,N,,,A,f,N,N,9,Pathological,A,
Obstetrics Exam,N,order item,A,f,f,8,Cervix,dropdown,N,N,,,A,f,N,N,1,Dialatation,A,
Obstetrics Exam,N,order item,A,f,f,8,Cervix,dropdown,N,N,,,A,f,N,N,2,Effacement,A,
Obstetrics Exam,N,order item,A,f,f,9,Cervix-Membranes,dropdown,N,N,,,A,f,N,N,1,Intact,A,
Obstetrics Exam,N,order item,A,f,f,9,Cervix-Membranes,dropdown,N,N,,,A,f,N,N,2,Ruptured,A,
Obstetrics Exam,N,order item,A,f,f,14,Liquor,dropdown,N,N,,,A,f,N,N,1,Nil,A,
Obstetrics Exam,N,order item,A,f,f,14,Liquor,dropdown,N,N,,,A,f,N,N,2,Clear,A,
Obstetrics Exam,N,order item,A,f,f,14,Liquor,dropdown,N,N,,,A,f,N,N,3,Meconium,A,
Ocular Adnexae,N,visit,A,f,f,1,Lids,dropdown,N,Y,,,A,f,N,N,2,Abnormal,A,
Ocular Adnexae,N,visit,A,f,f,2,Lacrimal Gland,dropdown,N,Y,,,A,f,N,N,2,Abnormal,A,
Ocular Adnexae,N,visit,A,f,f,3,Lacrimal Drainage System,dropdown,N,Y,,,A,f,N,N,2,Abnormal,A,
Ocular Adnexae,N,visit,A,f,f,4,Orbit,dropdown,N,Y,,,A,f,N,N,2,Abnormal,A,
Ocular Adnexae,N,visit,A,f,f,5,Preauricular Lymph Nodes,dropdown,N,Y,,,A,f,N,N,2,Abnormal,A,
Ocular Motility,N,visit,A,f,f,1,RE,dropdown,N,N,,,A,f,N,N,1,Normal,A,
Ocular Motility,N,visit,A,f,f,1,RE,dropdown,N,N,,,A,f,N,N,2,Abnormal,A,
Ocular Motility,N,visit,A,f,f,2,LE,dropdown,N,N,,,A,f,N,N,1,Normal,A,
Ocular Motility,N,visit,A,f,f,2,LE,dropdown,N,N,,,A,f,N,N,2,Abnormal,A,
Optic Disc,N,visit,A,f,f,1,Size,dropdown,N,Y,,,A,f,N,N,2,Abnormal,A,
Optic Disc,N,visit,A,f,f,2,C/D Ratio,dropdown,N,Y,,,A,f,N,N,2,Abnormal,A,
Optic Disc,N,visit,A,f,f,3,Appearance,dropdown,N,Y,,,A,f,N,N,2,Abnormal,A,
Optic Disc,N,visit,A,f,f,4,Nerve Fiber Layer,dropdown,N,Y,,,A,f,N,N,2,Abnormal,A,
Oral Hygiene Status,N,visit,A,f,f,1,Oral Hygiene Status,dropdown,N,N,,,A,f,N,N,1,Good,A,
Oral Hygiene Status,N,visit,A,f,f,1,Oral Hygiene Status,dropdown,N,N,,,A,f,N,N,2,Fair,A,
Oral Hygiene Status,N,visit,A,f,f,1,Oral Hygiene Status,dropdown,N,N,,,A,f,N,N,3,Poor,A,
Other Examination,N,visit,A,f,f,1,Ulcer Location,checkbox,N,N,,,A,f,N,N,1,Right Cheek,A,
Other Examination,N,visit,A,f,f,1,Ulcer Location,checkbox,N,N,,,A,f,N,N,2,Left Cheek,A,
Other Examination,N,visit,A,f,f,1,Ulcer Location,checkbox,N,N,,,A,f,N,N,3,Tongue,A,
Other Examination,N,visit,A,f,f,1,Ulcer Location,checkbox,N,N,,,A,f,N,N,4,Dorsal,A,
Other Examination,N,visit,A,f,f,1,Ulcer Location,checkbox,N,N,,,A,f,N,N,5,Ventral,A,
Other Examination,N,visit,A,f,f,1,Ulcer Location,checkbox,N,N,,,A,f,N,N,6,Latcral,A,
Other Examination,N,visit,A,f,f,3,Swelling,checkbox,N,N,,,A,f,N,N,1,Left Cheek,A,
Other Examination,N,visit,A,f,f,3,Swelling,checkbox,N,N,,,A,f,N,N,2,Right Cheek,A,
Other Examination,N,visit,A,f,f,3,Swelling,checkbox,N,N,,,A,f,N,N,3,Tongue,A,
Other Examination,N,visit,A,f,f,3,Swelling,checkbox,N,N,,,A,f,N,N,4,Space Infection,A,
Patient Education,N,visit,A,f,f,1,Barriers,dropdown,N,N,,,A,f,N,N,1,Yes,A,
Patient Education,N,visit,A,f,f,1,Barriers,dropdown,N,N,,,A,f,N,N,2,No,A,
Patient Education,N,visit,A,f,f,2,Patient and family need education on,checkbox,N,N,,,A,f,N,N,1,Use of medication,A,
Patient Education,N,visit,A,f,f,2,Patient and family need education on,checkbox,N,N,,,A,f,N,N,2,User of medical equipment,A,
Patient Education,N,visit,A,f,f,2,Patient and family need education on,checkbox,N,N,,,A,f,N,N,3,Diet and nutrition,A,
Patient Education,N,visit,A,f,f,2,Patient and family need education on,checkbox,N,N,,,A,f,N,N,4,Pain,A,
Patient Education,N,visit,A,f,f,2,Patient and family need education on,checkbox,N,N,,,A,f,N,N,5,Potential interaction between medication and food,A,
Patient Education,N,visit,A,f,f,2,Patient and family need education on,checkbox,N,N,,,A,f,N,N,6,Rehabilitation techniques,A,
Patient Education,N,visit,A,f,f,2,Patient and family need education on,checkbox,N,N,,,A,f,N,N,7,Others,A,
Patient Education,N,visit,A,f,f,5,Person Taught Literacy,dropdown,N,N,,,A,f,N,N,1,Literate,A,
Patient Education,N,visit,A,f,f,5,Person Taught Literacy,dropdown,N,N,,,A,f,N,N,2,Illiterate,A,
Patient Education,N,visit,A,f,f,6,Education Method,checkbox,N,N,,,A,f,N,N,1,Demonstration,A,
Patient Education,N,visit,A,f,f,6,Education Method,checkbox,N,N,,,A,f,N,N,2,Verbal,A,
Patient Education,N,visit,A,f,f,6,Education Method,checkbox,N,N,,,A,f,N,N,3,Printed material,A,
Patient History,N,patient,A,f,f,2,Consanguinity,dropdown,N,N,,,A,f,N,N,1,Yes,A,
Patient History,N,patient,A,f,f,2,Consanguinity,dropdown,N,N,,,A,f,N,N,2,No,A,
Physical Examination,Y,order item,A,f,f,12,Endocrine,checkbox,Y,Y,,3,A,f,N,N,0,Excessive Thirst,A,
Physical Examination,Y,order item,A,f,f,12,Endocrine,checkbox,Y,Y,,3,A,f,N,N,0,Cold Intolerance,A,
Physical Examination,Y,order item,A,f,f,12,Endocrine,checkbox,Y,Y,,3,A,f,N,N,0,Heat Intolerance,A,
Physical Examination,Y,order item,A,f,f,1,Constitutional,checkbox,Y,Y,,3,A,f,N,N,0,"Well Developed, Well Nourished",A,
Physical Examination,Y,order item,A,f,f,1,Constitutional,checkbox,Y,Y,,3,A,f,N,N,0,Apperaence,A,
Physical Examination,Y,order item,A,f,f,10,Neurological,checkbox,Y,Y,,3,A,f,N,N,0,Muscle power and Tone normal,A,
Physical Examination,Y,order item,A,f,f,10,Neurological,checkbox,Y,Y,,3,A,f,N,N,0,Sensory system normal,A,
Physical Examination,Y,order item,A,f,f,10,Neurological,checkbox,Y,Y,,3,A,f,N,N,0,Superficial Reflexes normal,A,
Physical Examination,Y,order item,A,f,f,4,Cardiovascular,checkbox,Y,Y,,3,A,f,N,N,0,Auscultation of heart,A,
Physical Examination,Y,order item,A,f,f,4,Cardiovascular,checkbox,Y,Y,,3,A,f,N,N,0,Measurement of BP in 2 more more extremities,A,
Physical Examination,Y,order item,A,f,f,4,Cardiovascular,checkbox,Y,Y,,3,A,f,N,N,0,Carotid pulses bilaterally,A,
Physical Examination,Y,order item,A,f,f,3,ENT,checkbox,Y,Y,,3,A,f,N,N,0,"Teeth, gums and palate",A,
Physical Examination,Y,order item,A,f,f,3,ENT,checkbox,Y,Y,,3,A,f,N,N,0,Nasal mucosa turbinates,A,
Physical Examination,Y,order item,A,f,f,3,ENT,checkbox,Y,Y,,3,A,f,N,N,0,Edentalous,A,
Physical Examination,Y,order item,A,f,f,4,Cardiovascular,checkbox,Y,Y,,3,A,f,N,N,0,Examination of Abdominal Aorta,A,
Physical Examination,Y,order item,A,f,f,4,Cardiovascular,checkbox,Y,Y,,3,A,f,N,N,0,Examination of Femoral Arteries,A,
Physical Examination,Y,order item,A,f,f,4,Cardiovascular,checkbox,Y,Y,,3,A,f,N,N,0,Examination of pedal pulses,A,
Physical Examination,Y,order item,A,f,f,4,Cardiovascular,checkbox,Y,Y,,3,A,f,N,N,0,Arterial Bruits,A,
Physical Examination,Y,order item,A,f,f,4,Cardiovascular,checkbox,Y,Y,,3,A,f,N,N,0,Precordial Palpation,A,
Physical Examination,Y,order item,A,f,f,4,Cardiovascular,checkbox,Y,Y,,3,A,f,N,N,0,Peripheral Edema,A,
Physical Examination,Y,order item,A,f,f,4,Cardiovascular,checkbox,Y,Y,,3,A,f,N,N,0,Murmus or Clicks,A,
Physical Examination,Y,order item,A,f,f,5,Respiratory,checkbox,Y,Y,,3,A,f,N,N,0,Respiratory Effort,A,
Physical Examination,Y,order item,A,f,f,5,Respiratory,checkbox,Y,Y,,3,A,f,N,N,0,Auscultation of Lungs,A,
Physical Examination,Y,order item,A,f,f,5,Respiratory,checkbox,Y,Y,,3,A,f,N,N,0,Tenderness,A,
Physical Examination,Y,order item,A,f,f,5,Respiratory,checkbox,Y,Y,,3,A,f,N,N,0,Percussion,A,
Physical Examination,Y,order item,A,f,f,5,Respiratory,checkbox,Y,Y,,3,A,f,N,N,0,Chest Expansion,A,
Physical Examination,Y,order item,A,f,f,5,Respiratory,checkbox,Y,Y,,3,A,f,N,N,0,Adventitious Sounds,A,
Physical Examination,Y,order item,A,f,f,2,Eyes,checkbox,Y,Y,,3,A,f,N,N,0,"Fundi Clear, no AV nicking",A,
Physical Examination,Y,order item,A,f,f,2,Eyes,checkbox,Y,Y,,3,A,f,N,N,0,Ptosis Absent,A,
Physical Examination,Y,order item,A,f,f,2,Eyes,checkbox,Y,Y,,3,A,f,N,N,0,Jaundice,A,
Physical Examination,Y,order item,A,f,f,2,Eyes,checkbox,Y,Y,,3,A,f,N,N,0,Pink Conjunctiva,A,
Physical Examination,Y,order item,A,f,f,2,Eyes,checkbox,Y,Y,,3,A,f,N,N,0,Fundus examination,A,
Physical Examination,Y,order item,A,f,f,2,Eyes,checkbox,Y,Y,,3,A,f,N,N,0,Pupillary reaction,A,
Physical Examination,Y,order item,A,f,f,2,Eyes,checkbox,Y,Y,,3,A,f,N,N,0,EOM/Squint,A,
Physical Examination,Y,order item,A,f,f,6,Gastrointestinal,checkbox,Y,Y,,3,A,f,N,N,0,Abdomen soft,A,
Physical Examination,Y,order item,A,f,f,6,Gastrointestinal,checkbox,Y,Y,,3,A,f,N,N,0,Hepatosplenomegaly,A,
Physical Examination,Y,order item,A,f,f,6,Gastrointestinal,checkbox,Y,Y,,3,A,f,N,N,0,Other palpable masses,A,
Physical Examination,Y,order item,A,f,f,6,Gastrointestinal,checkbox,Y,Y,,3,A,f,N,N,0,Tenderness,A,
Physical Examination,Y,order item,A,f,f,6,Gastrointestinal,checkbox,Y,Y,,3,A,f,N,N,0,Hernias,A,
Physical Examination,Y,order item,A,f,f,6,Gastrointestinal,checkbox,Y,Y,,3,A,f,N,N,0,PR Exam,A,
Physical Examination,Y,order item,A,f,f,6,Gastrointestinal,checkbox,Y,Y,,3,A,f,N,N,0,Bowel Sounds,A,
Physical Examination,Y,order item,A,f,f,6,Gastrointestinal,checkbox,Y,Y,,3,A,f,N,N,0,Guarding/ Rebound,A,
Physical Examination,Y,order item,A,f,f,7,Genitourinary,checkbox,Y,Y,,3,A,f,N,N,0,Prostrate enlarged,A,
Physical Examination,Y,order item,A,f,f,7,Genitourinary,checkbox,Y,Y,,3,A,f,N,N,0,Genitalia Abnormal,A,
Physical Examination,Y,order item,A,f,f,7,Genitourinary,checkbox,Y,Y,,3,A,f,N,N,0,"Scrotal lesions, cysts, rashes",A,
Physical Examination,Y,order item,A,f,f,7,Genitourinary,checkbox,Y,Y,,3,A,f,N,N,0,Epididymis,A,
Physical Examination,Y,order item,A,f,f,7,Genitourinary,checkbox,Y,Y,,3,A,f,N,N,0,Urethral meatus,A,
Physical Examination,Y,order item,A,f,f,7,Genitourinary,checkbox,Y,Y,,3,A,f,N,N,0,Penile lesions,A,
Physical Examination,Y,order item,A,f,f,7,Genitourinary,checkbox,Y,Y,,3,A,f,N,N,0,Rectal tone,A,
Physical Examination,Y,order item,A,f,f,8,Musculoskeletal,checkbox,Y,Y,,3,A,f,N,N,0,Gait and Station,A,
Physical Examination,Y,order item,A,f,f,8,Musculoskeletal,checkbox,Y,Y,,3,A,f,N,N,0,Muscle Strength and tone,A,
Physical Examination,Y,order item,A,f,f,8,Musculoskeletal,checkbox,Y,Y,,3,A,f,N,N,0,ROM,A,
Physical Examination,Y,order item,A,f,f,8,Musculoskeletal,checkbox,Y,Y,,3,A,f,N,N,0,Cyanosis and clubbing,A,
Physical Examination,Y,order item,A,f,f,8,Musculoskeletal,checkbox,Y,Y,,3,A,f,N,N,0,Joint swelling / Deformity,A,
Physical Examination,Y,order item,A,f,f,8,Musculoskeletal,checkbox,Y,Y,,3,A,f,N,N,0,Limitation of movement,A,
Physical Examination,Y,order item,A,f,f,8,Musculoskeletal,checkbox,Y,Y,,3,A,f,N,N,0,Joint Swelling/Defomity,A,
Physical Examination,Y,order item,A,f,f,8,Musculoskeletal,checkbox,Y,Y,,3,A,f,N,N,0,Kyphosis or scoliosis,A,
Physical Examination,Y,order item,A,f,f,9,Integumentary,checkbox,Y,Y,,3,A,f,N,N,0,Rashes / Ulcers / Lesions,A,
Physical Examination,Y,order item,A,f,f,9,Integumentary,checkbox,Y,Y,,3,A,f,N,N,0,Scalp & body hair,A,
Physical Examination,Y,order item,A,f,f,9,Integumentary,checkbox,Y,Y,,3,A,f,N,N,0,Nail,A,
Physical Examination,Y,order item,A,f,f,9,Integumentary,checkbox,Y,Y,,3,A,f,N,N,0,Head and Face,A,
Physical Examination,Y,order item,A,f,f,9,Integumentary,checkbox,Y,Y,,3,A,f,N,N,0,"Chest, Breast, Axillae",A,
Physical Examination,Y,order item,A,f,f,9,Integumentary,checkbox,Y,Y,,3,A,f,N,N,0,Neck,A,
Physical Examination,Y,order item,A,f,f,9,Integumentary,checkbox,Y,Y,,3,A,f,N,N,0,Right upper extremity,A,
Physical Examination,Y,order item,A,f,f,9,Integumentary,checkbox,Y,Y,,3,A,f,N,N,0,Left Upper extremity,A,
Physical Examination,Y,order item,A,f,f,13,Hematologic/Lymphatic/Immuno,checkbox,Y,Y,,3,A,f,N,N,0,Axillae,A,
Physical Examination,Y,order item,A,f,f,13,Hematologic/Lymphatic/Immuno,checkbox,Y,Y,,3,A,f,N,N,0,Inguinal,A,
Physical Examination,Y,order item,A,f,f,13,Hematologic/Lymphatic/Immuno,checkbox,Y,Y,,3,A,f,N,N,0,Neck,A,
Physical Examination,Y,order item,A,f,f,13,Hematologic/Lymphatic/Immuno,checkbox,Y,Y,,3,A,f,N,N,0,Groin,A,
Physical Examination,Y,order item,A,f,f,14,Allergic/Immunologic,checkbox,Y,Y,,3,I,f,N,N,0,Allergic Rhinitis,A,
Physical Examination,Y,order item,A,f,f,14,Allergic/Immunologic,checkbox,Y,Y,,3,I,f,N,N,0,Asthma,A,
Physical Examination,Y,order item,A,f,f,14,Allergic/Immunologic,checkbox,Y,Y,,3,I,f,N,N,0,Hives,A,
Physical Examination,Y,order item,A,f,f,1,Constitutional,checkbox,Y,Y,,3,A,f,N,N,0,Abnormal Findings,A,
Physical Examination,Y,order item,A,f,f,1,Constitutional,checkbox,Y,Y,,3,A,f,N,N,0,Dysmorphology/Deformity,A,
Physical Examination,Y,order item,A,f,f,10,Neurological,checkbox,Y,Y,,3,A,f,N,N,0,DTRs Intact and Symmetrical,A,
Physical Examination,Y,order item,A,f,f,10,Neurological,checkbox,Y,Y,,3,A,f,N,N,0,Ataxia & Tremors absent,A,
Physical Examination,Y,order item,A,f,f,10,Neurological,checkbox,Y,Y,,3,A,f,N,N,1,Cranial Nerves normal,A,
Physical Examination,Y,order item,A,f,f,3,ENT,checkbox,Y,Y,,3,A,f,N,N,0,Dentures,A,
Physical Examination,Y,order item,A,f,f,3,ENT,checkbox,Y,Y,,3,A,f,N,N,0,Prominent Incisors,A,
Physical Examination,Y,order item,A,f,f,3,ENT,checkbox,Y,Y,,3,A,f,N,N,0,Good Dentition,A,
Physical Examination,Y,order item,A,f,f,3,ENT,checkbox,Y,Y,,3,A,f,N,N,0,Nose and ears appear normal,A,
Physical Examination,Y,order item,A,f,f,3,ENT,checkbox,Y,Y,,3,A,f,N,N,0,Salivary glands normal,A,
Physical Examination,Y,order item,A,f,f,3,ENT,checkbox,Y,Y,,3,A,f,N,N,0,Oral Mucosa,A,
Physical Examination,Y,order item,A,f,f,3,ENT,checkbox,Y,Y,,3,A,f,N,N,0,Pharyngeal Erythema,A,
Physical Examination,Y,order item,A,f,f,3,ENT,checkbox,Y,Y,,3,A,f,N,N,0,JVP,A,
Physical Examination,Y,order item,A,f,f,3,ENT,checkbox,Y,Y,,3,A,f,N,N,0,Examination of Thyroid,A,
Physical Examination,Y,order item,A,f,f,3,ENT,checkbox,Y,Y,,3,A,f,N,N,0,Tracheal Shift,A,
Physical Examination,Y,order item,A,f,f,4,Cardiovascular,checkbox,Y,Y,,3,A,f,N,N,0,"Extra heart sounds, Rubs",A,
Physical Examination,Y,order item,A,f,f,5,Respiratory,checkbox,Y,Y,,3,A,f,N,N,0,Palpation,A,
Physical Examination,Y,order item,A,f,f,2,Eyes,checkbox,Y,Y,,3,A,f,N,N,0,Conjunctive & Lids,A,
Physical Examination,Y,order item,A,f,f,2,Eyes,checkbox,Y,Y,,3,A,f,N,N,0,Visual Acuity,A,
Physical Examination,Y,order item,A,f,f,2,Eyes,checkbox,Y,Y,,3,A,f,N,N,0,Dry Eyes,A,
Physical Examination,Y,order item,A,f,f,6,Gastrointestinal,checkbox,Y,Y,,3,A,f,N,N,0,Limited by body Habitus,A,
Physical Examination,Y,order item,A,f,f,6,Gastrointestinal,checkbox,Y,Y,,3,A,f,N,N,0,Distention,A,
Physical Examination,Y,order item,A,f,f,7,Genitourinary,checkbox,Y,Y,,3,A,f,N,N,0,Urethral hypermobility,A,
Physical Examination,Y,order item,A,f,f,7,Genitourinary,checkbox,Y,Y,,3,A,f,N,N,0,Undescended testis,A,
Physical Examination,Y,order item,A,f,f,7,Genitourinary,checkbox,Y,Y,,3,A,f,N,N,0,"Anus, perineum and introitus",A,
Physical Examination,Y,order item,A,f,f,7,Genitourinary,checkbox,Y,Y,,3,A,f,N,N,0,Anterior pelvic support (Cystocele),A,
Physical Examination,Y,order item,A,f,f,7,Genitourinary,checkbox,Y,Y,,3,A,f,N,N,0,Apical pelvic support (Uterine vault prolapse),A,
Physical Examination,Y,order item,A,f,f,7,Genitourinary,checkbox,Y,Y,,3,A,f,N,N,0,Posterior pelvic support(Rectocele),A,
Physical Examination,Y,order item,A,f,f,7,Genitourinary,checkbox,Y,Y,,3,A,f,N,N,0,"Estrogenic, effect in vagina (Discharge)",A,
Physical Examination,Y,order item,A,f,f,7,Genitourinary,checkbox,Y,Y,,3,A,f,N,N,0,"Cervix, uterus or parametrium (Mass)",A,
Physical Examination,Y,order item,A,f,f,9,Integumentary,checkbox,Y,Y,,3,A,f,N,N,0,Right Lower extremity,A,
Physical Examination,Y,order item,A,f,f,9,Integumentary,checkbox,Y,Y,,3,A,f,N,N,0,Left Lower Extremity,A,
Physical Examination,Y,order item,A,f,f,11,Psychiatric,checkbox,Y,Y,,3,A,f,N,N,0,Intact Judgment and Insight,A,
Physical Examination,Y,order item,A,f,f,11,Psychiatric,checkbox,Y,Y,,3,A,f,N,N,0,Euthymic Mood & affect,A,
Physical Examination,Y,order item,A,f,f,11,Psychiatric,checkbox,Y,Y,,3,A,f,N,N,0,Appropriate Affect,A,
Physical Examination,Y,order item,A,f,f,11,Psychiatric,checkbox,Y,Y,,3,A,f,N,N,0,Memory intact,A,
Physical Examination,Y,order item,A,f,f,11,Psychiatric,checkbox,Y,Y,,3,A,f,N,N,0,"Oriented to time ,place, Person",A,
Physical Examination,Y,order item,A,f,f,11,Psychiatric,checkbox,Y,Y,,3,A,f,N,N,0,Conscious and alert,A,
Psychiatric History,N,patient,A,f,f,1,Depression,dropdown,N,N,,,A,f,N,N,1,Yes,A,
Psychiatric History,N,patient,A,f,f,1,Depression,dropdown,N,N,,,A,f,N,N,2,No,A,
Psychiatric History,N,patient,A,f,f,2,Anxiety,dropdown,N,N,,,A,f,N,N,1,Yes,A,
Psychiatric History,N,patient,A,f,f,2,Anxiety,dropdown,N,N,,,A,f,N,N,2,No,A,
Psychiatric History,N,patient,A,f,f,3,Substance Abuse,dropdown,N,N,,,A,f,N,N,1,Yes,A,
Psychiatric History,N,patient,A,f,f,3,Substance Abuse,dropdown,N,N,,,A,f,N,N,2,No,A,
Retina,N,visit,A,f,f,1,Vessels - RE,dropdown,N,Y,,,A,f,N,N,1,Abnormal,A,
Retina,N,visit,A,f,f,2,Vessels - LE,dropdown,N,Y,,,A,f,N,N,2,Abnormal,A,
Retina,N,visit,A,f,f,3,Macula - RE,dropdown,N,Y,,,A,f,N,N,2,Abnormal,A,
Retina,N,visit,A,f,f,4,Macula - LE,dropdown,N,Y,,,A,f,N,N,2,Abnormal,A,
Retina,N,visit,A,f,f,5,Periphery - RE,dropdown,N,Y,,,A,f,N,N,2,Abnormal,A,
Retina,N,visit,A,f,f,6,Periphery - LE,dropdown,N,Y,,,A,f,N,N,2,Abnormal,A,
Review Of Systems,Y,order item,A,f,f,2,Eyes,checkbox,Y,Y,,3,A,f,N,N,0,Blurred Vision,A,
Review Of Systems,Y,order item,A,f,f,2,Eyes,checkbox,Y,Y,,3,A,f,N,N,0,Eye Pain,A,
Review Of Systems,Y,order item,A,f,f,2,Eyes,checkbox,Y,Y,,3,A,f,N,N,0,Eye Discharge,A,
Review Of Systems,Y,order item,A,f,f,2,Eyes,checkbox,Y,Y,,3,A,f,N,N,0,Dry Eyes,A,
Review Of Systems,Y,order item,A,f,f,2,Eyes,checkbox,Y,Y,,3,A,f,N,N,0,Decreased Vision,A,
Review Of Systems,Y,order item,A,f,f,12,Endocrine,checkbox,Y,Y,,3,A,f,N,N,0,Excessive Thirst,A,
Review Of Systems,Y,order item,A,f,f,12,Endocrine,checkbox,Y,Y,,3,A,f,N,N,0,Cold Intolerance,A,
Review Of Systems,Y,order item,A,f,f,12,Endocrine,checkbox,Y,Y,,3,A,f,N,N,0,Heat Intolerance,A,
Review Of Systems,Y,order item,A,f,f,10,Neurological,checkbox,Y,Y,,3,A,f,N,N,0,Headache,A,
Review Of Systems,Y,order item,A,f,f,10,Neurological,checkbox,Y,Y,,3,A,f,N,N,0,Numbness,A,
Review Of Systems,Y,order item,A,f,f,10,Neurological,checkbox,Y,Y,,3,A,f,N,N,0,Lack of Coordination,A,
Review Of Systems,Y,order item,A,f,f,10,Neurological,checkbox,Y,Y,,3,A,f,N,N,0,Tremor,A,
Review Of Systems,Y,order item,A,f,f,11,Psychiatric,checkbox,Y,Y,,3,A,f,N,N,0,Depression,A,
Review Of Systems,Y,order item,A,f,f,11,Psychiatric,checkbox,Y,Y,,3,A,f,N,N,0,Anxiety,A,
Review Of Systems,Y,order item,A,f,f,11,Psychiatric,checkbox,Y,Y,,3,A,f,N,N,0,Alcohol Abuse,A,
Review Of Systems,Y,order item,A,f,f,11,Psychiatric,checkbox,Y,Y,,3,A,f,N,N,0,Drug Abuse,A,
Review Of Systems,Y,order item,A,f,f,3,ENT,checkbox,Y,Y,,3,A,f,N,N,0,Sore Throat,A,
Review Of Systems,Y,order item,A,f,f,3,ENT,checkbox,Y,Y,,3,A,f,N,N,0,Nose Bleed,A,
Review Of Systems,Y,order item,A,f,f,3,ENT,checkbox,Y,Y,,3,A,f,N,N,0,Decreased Hearing,A,
Review Of Systems,Y,order item,A,f,f,3,ENT,checkbox,Y,Y,,3,A,f,N,N,0,Ear Pain,A,
Review Of Systems,Y,order item,A,f,f,3,ENT,checkbox,Y,Y,,3,A,f,N,N,0,Ear Discharge,A,
Review Of Systems,Y,order item,A,f,f,5,Respiratory,checkbox,Y,Y,,3,A,f,N,N,0,Shortness of Breath,A,
Review Of Systems,Y,order item,A,f,f,5,Respiratory,checkbox,Y,Y,,3,A,f,N,N,0,Cough,A,
Review Of Systems,Y,order item,A,f,f,5,Respiratory,checkbox,Y,Y,,3,A,f,N,N,0,Wheezing,A,
Review Of Systems,Y,order item,A,f,f,6,Gastrointestinal,checkbox,Y,Y,,3,A,f,N,N,0,Nausea,A,
Review Of Systems,Y,order item,A,f,f,4,Cardiovascular,checkbox,Y,Y,,3,A,f,N,N,0,Chest Pain,A,
Review Of Systems,Y,order item,A,f,f,4,Cardiovascular,checkbox,Y,Y,,3,A,f,N,N,0,Palpitation,A,
Review Of Systems,Y,order item,A,f,f,4,Cardiovascular,checkbox,Y,Y,,3,A,f,N,N,0,Edema,A,
Review Of Systems,Y,order item,A,f,f,4,Cardiovascular,checkbox,Y,Y,,3,A,f,N,N,0,Vertigo,A,
Review Of Systems,Y,order item,A,f,f,6,Gastrointestinal,checkbox,Y,Y,,3,A,f,N,N,0,Vomiting,A,
Review Of Systems,Y,order item,A,f,f,6,Gastrointestinal,checkbox,Y,Y,,3,A,f,N,N,0,Excessive Thirst,A,
Review Of Systems,Y,order item,A,f,f,6,Gastrointestinal,checkbox,Y,Y,,3,A,f,N,N,0,Diarrhea,A,
Review Of Systems,Y,order item,A,f,f,7,Genitourinary,checkbox,Y,Y,,3,A,f,N,N,0,Hematuria,A,
Review Of Systems,Y,order item,A,f,f,7,Genitourinary,checkbox,Y,Y,,3,A,f,N,N,0,Dysuria,A,
Review Of Systems,Y,order item,A,f,f,7,Genitourinary,checkbox,Y,Y,,3,A,f,N,N,0,Hesitancy,A,
Review Of Systems,Y,order item,A,f,f,8,Musculoskeletal,checkbox,Y,Y,,3,A,f,N,N,0,Arthralgia,A,
Review Of Systems,Y,order item,A,f,f,8,Musculoskeletal,checkbox,Y,Y,,3,A,f,N,N,0,Myalgia,A,
Review Of Systems,Y,order item,A,f,f,8,Musculoskeletal,checkbox,Y,Y,,3,A,f,N,N,0,Muscle Weakness,A,
Review Of Systems,Y,order item,A,f,f,8,Musculoskeletal,checkbox,Y,Y,,3,A,f,N,N,0,Joint Swelling,A,
Review Of Systems,Y,order item,A,f,f,9,Integumentary,checkbox,Y,Y,,3,A,f,N,N,0,Rash,A,
Review Of Systems,Y,order item,A,f,f,9,Integumentary,checkbox,Y,Y,,3,A,f,N,N,0,Dryness,A,
Review Of Systems,Y,order item,A,f,f,9,Integumentary,checkbox,Y,Y,,3,A,f,N,N,0,Itching,A,
Review Of Systems,Y,order item,A,f,f,9,Integumentary,checkbox,Y,Y,,3,A,f,N,N,0,Sores,A,
Review Of Systems,Y,order item,A,f,f,9,Integumentary,checkbox,Y,Y,,3,A,f,N,N,0,Nail Discoloration,A,
Review Of Systems,Y,order item,A,f,f,9,Integumentary,checkbox,Y,Y,,3,A,f,N,N,0,Abscess,A,
Review Of Systems,Y,order item,A,f,f,13,Hematologic/Lymphatic,checkbox,Y,Y,,3,A,f,N,N,0,Swollen Glands,A,
Review Of Systems,Y,order item,A,f,f,13,Hematologic/Lymphatic,checkbox,Y,Y,,3,A,f,N,N,0,Easy Bruising,A,
Review Of Systems,Y,order item,A,f,f,14,Allergic/Immunologic,checkbox,Y,Y,,3,A,f,N,N,0,Allergic Rhinitis,A,
Review Of Systems,Y,order item,A,f,f,1,Constitutional,checkbox,Y,Y,,3,A,f,N,N,0,Fever,A,
Review Of Systems,Y,order item,A,f,f,1,Constitutional,checkbox,Y,Y,,3,A,f,N,N,0,Chills,A,
Review Of Systems,Y,order item,A,f,f,1,Constitutional,checkbox,Y,Y,,3,A,f,N,N,0,Night Sweats,A,
Review Of Systems,Y,order item,A,f,f,1,Constitutional,checkbox,Y,Y,,3,A,f,N,N,0,Fatigue,A,
Review Of Systems,Y,order item,A,f,f,1,Constitutional,checkbox,Y,Y,,3,A,f,N,N,1,Loss of Appetite,A,
Review Of Systems,Y,order item,A,f,f,1,Constitutional,checkbox,Y,Y,,3,A,f,N,N,2,Weight loss / Gain,A,
Review Of Systems,Y,order item,A,f,f,10,Neurological,checkbox,Y,Y,,3,A,f,N,N,0,Vertigo,A,
Review Of Systems,Y,order item,A,f,f,10,Neurological,checkbox,Y,Y,,3,A,f,N,N,1,Migraines,A,
Review Of Systems,Y,order item,A,f,f,10,Neurological,checkbox,Y,Y,,3,A,f,N,N,2,Ataxia,A,
Review Of Systems,Y,order item,A,f,f,10,Neurological,checkbox,Y,Y,,3,A,f,N,N,3,Weakness,A,
Review Of Systems,Y,order item,A,f,f,10,Neurological,checkbox,Y,Y,,3,A,f,N,N,4,Loss of consciousness,A,
Review Of Systems,Y,order item,A,f,f,11,Psychiatric,checkbox,Y,Y,,3,A,f,N,N,0,Insomnia,A,
Review Of Systems,Y,order item,A,f,f,11,Psychiatric,checkbox,Y,Y,,3,A,f,N,N,0,Anti-Depressants,A,
Review Of Systems,Y,order item,A,f,f,3,ENT,checkbox,Y,Y,,3,A,f,N,N,0,Tinnitus,A,
Review Of Systems,Y,order item,A,f,f,3,ENT,checkbox,Y,Y,,3,A,f,N,N,0,Sinusitis,A,
Review Of Systems,Y,order item,A,f,f,4,Cardiovascular,checkbox,Y,Y,,3,A,f,N,N,0,PND,A,
Review Of Systems,Y,order item,A,f,f,4,Cardiovascular,checkbox,Y,Y,,3,A,f,N,N,0,Orthopnea,A,
Review Of Systems,Y,order item,A,f,f,4,Cardiovascular,checkbox,Y,Y,,3,A,f,N,N,0,0Syncope,A,
Review Of Systems,Y,order item,A,f,f,5,Respiratory,checkbox,Y,Y,,3,A,f,N,N,4,Pleurisy,A,
Review Of Systems,Y,order item,A,f,f,5,Respiratory,checkbox,Y,Y,,3,A,f,N,N,5,Abnormal Sounds,A,
Review Of Systems,Y,order item,A,f,f,6,Gastrointestinal,checkbox,Y,Y,,3,A,f,N,N,0,Hematemesis,A,
Review Of Systems,Y,order item,A,f,f,6,Gastrointestinal,checkbox,Y,Y,,3,A,f,N,N,0,Blood in Stool,A,
Review Of Systems,Y,order item,A,f,f,6,Gastrointestinal,checkbox,Y,Y,,3,A,f,N,N,0,Constipation,A,
Review Of Systems,Y,order item,A,f,f,6,Gastrointestinal,checkbox,Y,Y,,3,A,f,N,N,0,Abdominal Pain,A,
Review Of Systems,Y,order item,A,f,f,7,Genitourinary,checkbox,Y,Y,,3,A,f,N,N,0,Incontinence,A,
Review Of Systems,Y,order item,A,f,f,7,Genitourinary,checkbox,Y,Y,,3,A,f,N,N,0,UTI's,A,
Review Of Systems,Y,order item,A,f,f,9,Integumentary,checkbox,Y,Y,,3,A,f,N,N,0,Pruritus,A,
Review Of Systems,Y,order item,A,f,f,9,Integumentary,checkbox,Y,Y,,3,A,f,N,N,0,Hair Changes,A,
Review Of Systems,Y,order item,A,f,f,13,Hematologic/Lymphatic,checkbox,Y,Y,,3,A,f,N,N,0,Blood Clots,A,
Review Of Systems,Y,order item,A,f,f,13,Hematologic/Lymphatic,checkbox,Y,Y,,3,A,f,N,N,0,Bleeding Diathesis,A,
Review Of Systems,Y,order item,A,f,f,13,Hematologic/Lymphatic,checkbox,Y,Y,,3,A,f,N,N,0,Lymphedema,A,
Review Of Systems,Y,order item,A,f,f,14,Allergic/Immunologic,checkbox,Y,Y,,3,A,f,N,N,0,Asthma,A,
Review Of Systems,Y,order item,A,f,f,14,Allergic/Immunologic,checkbox,Y,Y,,3,A,f,N,N,0,Hives,A,
Review Of Systems,Y,order item,A,f,f,14,Allergic/Immunologic,checkbox,Y,Y,,3,A,f,N,N,0,Hay Fever,A,
Review Of Systems,Y,order item,A,f,f,14,Allergic/Immunologic,checkbox,Y,Y,,3,A,f,N,N,0,Positive PPD,A,
Social History,N,patient,A,f,f,4,Marital Status,dropdown,N,N,,,A,f,N,N,1,Married,A,
Social History,N,patient,A,f,f,4,Marital Status,dropdown,N,N,,,A,f,N,N,2,Single,A,
Social History,N,patient,A,f,f,4,Marital Status,dropdown,N,N,,,A,f,N,N,3,Divorced,A,
Social History,N,patient,A,f,f,8,Alcohol,dropdown,N,N,,,A,f,N,N,1,Never Drunk,A,
Social History,N,patient,A,f,f,8,Alcohol,dropdown,N,N,,,A,f,N,N,2,Occasionally,A,
Social History,N,patient,A,f,f,8,Alcohol,dropdown,N,N,,,A,f,N,N,3,Frequently,A,
Social History,N,patient,A,f,f,8,Alcohol,dropdown,N,N,,,A,f,N,N,4,Quit from Last 6 months,A,
Social History,N,patient,A,f,f,8,Alcohol,dropdown,N,N,,,A,f,N,N,5,Quit from last 1 year,A,
Social History,N,patient,A,f,f,8,Alcohol,dropdown,N,N,,,A,f,N,N,6,Quit Drinking more than 1 year,A,
Social History,N,patient,A,f,f,7,Smoking,dropdown,N,N,,,A,f,N,N,1,Never Smoked,A,
Social History,N,patient,A,f,f,7,Smoking,dropdown,N,N,,,A,f,N,N,2,Occasionally,A,
Social History,N,patient,A,f,f,7,Smoking,dropdown,N,N,,,A,f,N,N,3,No smoking from last 6 month,A,
Social History,N,patient,A,f,f,7,Smoking,dropdown,N,N,,,A,f,N,N,4,No Smoking from Last 1 Year,A,
Social History,N,patient,A,f,f,7,Smoking,dropdown,N,N,,,A,f,N,N,5,No Smoking more than 1 year,A,
Social History,N,patient,A,f,f,7,Smoking,dropdown,N,N,,,A,f,N,N,2,Frequently,A,
Surgical History,N,patient,A,f,f,1,T&A (tonsillectomy with adenoidectomy),dropdown,N,N,,,A,f,N,N,1,Yes,A,
Surgical History,N,patient,A,f,f,1,T&A (tonsillectomy with adenoidectomy),dropdown,N,N,,,A,f,N,N,2,No,A,
Surgical History,N,patient,A,f,f,2,Appendectomy,dropdown,N,N,,,A,f,N,N,1,Yes,A,
Surgical History,N,patient,A,f,f,2,Appendectomy,dropdown,N,N,,,A,f,N,N,2,No,A,
Surgical History,N,patient,A,f,f,3,Hysterectomy,dropdown,N,N,,,A,f,N,N,1,Yes,A,
Surgical History,N,patient,A,f,f,3,Hysterectomy,dropdown,N,N,,,A,f,N,N,2,No,A,
Surgical History,N,patient,A,f,f,4,Hernia,dropdown,N,N,,,A,f,N,N,1,Yes,A,
Surgical History,N,patient,A,f,f,4,Hernia,dropdown,N,N,,,A,f,N,N,2,No,A,
Surgical History,N,patient,A,f,f,5,Coronary Artery Bypass,dropdown,N,N,,,A,f,N,N,1,Yes,A,
Surgical History,N,patient,A,f,f,5,Coronary Artery Bypass,dropdown,N,N,,,A,f,N,N,2,No,A,
TMJ Examination,N,visit,A,f,f,1,Mouth Opening,checkbox,N,N,,,A,f,N,N,1,No abnormality detected	,A,
TMJ Examination,N,visit,A,f,f,1,Mouth Opening,checkbox,N,N,,,A,f,N,N,2,Deviated to Right ,A,
TMJ Examination,N,visit,A,f,f,1,Mouth Opening,checkbox,N,N,,,A,f,N,N,3,Deviated to Left,A,
TMJ Examination,N,visit,A,f,f,1,Mouth Opening,checkbox,N,N,,,A,f,N,N,4,Limited,A,
TMJ Examination,N,visit,A,f,f,2,TMJ,checkbox,N,N,,,A,f,N,N,1,Tenderness,A,
TMJ Examination,N,visit,A,f,f,2,TMJ,checkbox,N,N,,,A,f,N,N,2,Clicking,A,
TMJ Examination,N,visit,A,f,f,2,TMJ,checkbox,N,N,,,A,f,N,N,3,Latcral movements,A,
TMJ Examination,N,visit,A,f,f,3,Muscles of Mastication,dropdown,N,N,,,A,f,N,N,1,Tenderness,A,
TMJ Examination,N,visit,A,f,f,3,Muscles of Mastication,dropdown,N,N,,,A,f,N,N,2,No Tenderness,A,
Uterus Exam,N,order item,A,f,f,1,Uterus Exam,checkbox,N,N,,,A,f,N,N,1,Size,A,
Uterus Exam,N,order item,A,f,f,1,Uterus Exam,checkbox,N,N,,,A,f,N,N,2,Mobility,A,
Uterus Exam,N,order item,A,f,f,1,Uterus Exam,checkbox,N,N,,,A,f,N,N,3,Tenderness,A,
Uterus Exam,N,order item,A,f,f,1,Uterus Exam,checkbox,N,N,,,A,f,N,N,4,Consistency,A,
Uterus Exam,N,order item,A,f,f,1,Uterus Exam,checkbox,N,N,,,A,f,N,N,5,Descent,A,
Visual Acuity,N,visit,A,f,f,1,Uncorrected,checkbox,N,N,,,A,f,N,N,1,RE,A,
Visual Acuity,N,visit,A,f,f,1,Uncorrected,checkbox,N,N,,,A,f,N,N,2,LE,A,
Visual Acuity,N,visit,A,f,f,2,With Correction,checkbox,N,N,,,A,f,N,N,1,RE,A,
Visual Acuity,N,visit,A,f,f,2,With Correction,checkbox,N,N,,,A,f,N,N,2,LE,A,